0,1165,959,839,640,811,602,1085,970,934,462,824,848,1221,730,764,843,475,832,506,606,638,889,632,1025,813,858,838,521,310,641,1060,942,788,713,694,775,770,856,726,895,890,553,454,954,461,348,148,593,1018,428,673,564,787,697,628,1050,845,527,531,764,942,705,812,1005,554,950,904,691,885,908,900,524,971,710,818,508,812,862,765,417,568,465,778,800,721,744,643,559,404,480,773,551,872,1063,611,584,670,814,1116,345,863,402,999,710,695,814,965,955,569,448,752,578,736,775,451,594,1252,1022,767,645,820,716,957,522,910,913,514,550,1114,770,792,955,700,341,710,1087,1181,819,371,614,463,836,1078,828,828,574,1220,865,684
1029,0,828,1098,913,810,584,584,714,1072,885,356,647,186,822,807,752,657,532,775,348,863,868,1068,981,919,373,535,1025,801,441,901,465,812,870,1167,973,780,772,816,463,726,860,668,644,351,660,665,563,401,799,922,526,721,846,1125,764,707,656,1178,724,835,735,408,556,909,971,841,764,580,1033,1086,826,845,619,835,950,780,982,711,1032,863,890,502,567,615,793,1042,665,700,541,784,555,925,335,419,634,602,794,1173,666,512,512,653,785,675,872,931,895,1039,837,606,500,473,388,577,774,673,772,695,609,841,582,622,710,545,796,893,510,584,866,516,341,705,764,514,511,634,701,967,894,457,705,707,852,797,815,744,403,1069
1117,985,0,523,636,440,637,554,715,713,1316,718,889,648,722,708,927,364,816,887,578,1141,643,876,288,793,539,904,537,494,560,1015,731,634,992,589,823,507,1230,819,887,643,380,364,980,668,847,622,899,854,771,793,801,392,542,960,970,397,951,809,495,774,591,621,595,815,942,728,414,291,877,632,1145,634,706,889,485,1080,759,946,559,845,771,1002,672,342,481,592,568,785,734,706,472,923,802,789,983,943,396,1021,616,1120,637,771,772,921,767,450,1068,945,604,313,789,503,655,654,550,748,670,581,922,534,748,926,611,483,870,582,410,819,732,563,455,868,670,923,831,468,436,692,677,654,785,1118,427,648,374,688,483,507
734,948,791,0,748,458,741,609,984,420,958,950,609,888,891,1292,305,580,1036,516,811,840,522,680,949,443,942,1119,934,358,754,764,622,708,665,875,842,487,570,577,680,746,618,863,967,493,672,477,583,798,823,968,596,884,1211,694,839,754,691,473,931,667,892,841,628,704,952,655,891,913,1268,1192,885,858,872,1081,844,943,1114,615,764,495,642,825,374,847,817,1012,518,791,628,956,1043,1288,721,698,566,949,804,424,853,1125,679,679,913,637,742,1121,649,579,854,1186,918,428,585,620,351,1147,560,676,877,683,656,850,543,1003,751,665,452,726,979,728,875,862,813,577,788,853,412,858,632,701,1081,951,593,652,933,599,1066,600
657,911,472,1074,0,752,127,618,872,655,807,844,765,676,823,776,824,823,872,827,1132,542,528,1152,505,873,631,425,987,921,1006,562,613,854,770,557,444,860,699,1051,453,873,683,797,979,775,815,754,692,489,580,584,819,661,622,821,757,809,588,584,459,864,862,955,780,1018,883,711,982,1039,211,534,763,596,921,529,737,684,1238,688,807,963,803,572,910,583,562,920,440,751,702,936,458,228,687,622,606,729,557,789,749,632,655,686,609,897,450,879,589,894,623,662,692,667,988,378,568,1009,833,485,723,680,777,756,723,523,1381,755,1077,880,572,1102,772,838,932,564,683,999,724,644,815,941,898,387,845,1044,511,656,366,765
570,578,574,754,659,0,307,659,531,498,295,639,699,649,623,411,910,839,858,556,719,733,847,822,661,928,681,708,1086,828,726,691,1027,821,1002,820,900,765,452,873,850,640,919,685,510,551,739,502,493,978,999,746,539,1007,679,717,842,869,607,751,759,900,831,874,921,818,958,759,845,550,559,521,552,842,583,758,660,821,534,1222,835,938,986,552,663,686,728,949,1015,1003,732,500,790,600,684,875,604,687,442,624,770,841,573,1278,782,772,716,763,796,434,759,549,993,963,419,1216,669,434,777,865,1037,1035,249,933,805,769,1172,563,756,895,727,949,619,623,793,359,602,753,970,419,1013,774,540,651,939,656,731,796,646,504
657,703,630,1018,949,550,0,840,821,827,752,644,921,863,868,1117,478,1126,832,668,774,470,632,948,1063,782,1057,934,799,839,571,575,807,638,597,560,736,828,872,435,264,546,565,786,849,852,782,923,382,466,780,759,714,920,622,674,683,960,759,607,614,541,509,739,332,707,689,577,1027,771,393,811,785,551,253,874,919,651,754,743,1130,1047,789,1039,284,1080,1152,559,828,541,701,458,799,868,832,838,834,677,811,756,578,778,871,640,757,1005,989,615,779,609,808,819,650,742,788,880,796,849,785,544,1102,822,838,615,811,769,824,845,927,403,746,950,735,809,499,931,584,913,748,852,896,1260,864,937,811,682,962,991,710,839
769,782,745,1007,703,531,870,0,514,801,500,897,888,548,538,796,1096,411,470,929,957,321,678,550,398,891,1214,572,853,737,1098,1033,386,826,646,954,521,783,848,537,860,685,678,620,1390,954,843,1027,359,889,832,744,863,631,706,1048,361,575,1022,767,732,776,671,388,823,603,553,523,686,482,790,1206,1036,607,575,482,506,752,409,879,1001,501,1054,886,736,818,579,740,909,403,907,561,1227,1109,695,365,734,664,490,1206,592,663,1170,1048,808,950,479,524,997,450,781,721,786,661,804,1032,785,665,933,588,1109,610,669,1060,660,573,749,687,903,584,930,863,1281,1106,1049,195,864,887,812,359,630,774,822,666,859,673,962,612,886,843
731,902,1163,475,1071,905,777,681,0,563,868,952,618,842,681,954,1266,511,883,860,872,1185,642,734,615,1074,1052,817,584,541,393,719,590,592,442,962,1177,904,443,783,1062,733,1103,674,653,595,800,679,727,651,783,878,858,714,1112,329,831,846,832,1104,727,815,720,729,824,688,786,252,881,467,877,397,1131,549,891,695,640,556,947,655,1106,994,452,1051,877,841,815,747,594,1154,926,971,634,504,342,709,421,601,534,718,1054,614,879,552,561,562,734,986,912,451,856,1299,861,1203,440,483,782,747,448,642,788,738,891,597,776,620,474,749,820,556,604,570,227,752,833,1003,572,573,528,895,569,756,520,585,575,1424,811,422,636,814
1135,742,714,577,960,835,978,735,1080,0,731,792,769,656,760,580,517,402,399,1061,974,761,983,599,905,580,587,766,859,788,586,940,430,809,819,804,631,758,528,836,733,1106,773,947,834,654,926,825,616,739,687,316,687,650,788,418,1141,1039,916,534,879,949,794,599,561,556,593,548,553,678,627,666,499,919,626,776,622,723,682,955,916,612,674,530,787,815,644,818,982,802,753,692,690,491,924,818,768,424,482,811,754,586,326,655,312,1029,675,820,493,740,661,916,1002,898,669,722,1035,754,842,740,914,1198,905,927,825,647,592,793,732,752,873,923,673,915,1091,768,467,931,849,225,872,800,460,680,573,329,778,459,550,762
883,426,632,855,1035,922,258,759,786,1104,0,517,324,936,723,900,1140,979,790,686,545,788,812,856,669,925,788,756,774,415,605,833,1024,766,833,487,611,646,676,605,610,467,972,357,593,748,841,828,472,586,1012,795,803,758,671,460,677,1061,854,761,827,703,607,685,495,625,769,903,795,775,596,952,641,804,722,714,708,743,229,1002,806,803,437,636,486,810,817,1002,693,331,577,809,916,736,550,661,876,906,781,854,645,927,543,697,990,882,636,915,772,1035,562,884,803,687,813,785,652,744,768,903,985,811,1123,751,709,692,334,827,524,603,897,708,226,996,1089,660,646,1052,620,468,633,492,787,692,731,781,684,520,981,751
965,810,444,1082,583,774,767,839,995,599,1029,0,1113,829,1044,460,886,452,811,714,990,774,735,1082,781,474,1448,599,875,676,586,707,917,164,549,431,861,821,1109,730,884,882,424,760,886,782,719,849,882,684,993,459,432,915,964,595,825,1076,696,594,870,995,920,649,648,878,419,1126,858,723,817,635,1071,629,573,871,608,1138,720,645,749,1087,821,679,881,1031,621,653,643,646,807,481,383,881,601,735,649,631,564,790,612,848,770,691,686,714,582,728,761,1148,696,710,756,589,744,722,654,602,493,1235,498,989,576,638,236,388,645,798,795,624,834,797,692,808,742,702,523,909,736,719,798,779,744,569,823,631,544,1103,640,993
540,715,745,765,1074,610,613,951,804,1077,579,685,0,739,998,1136,1019,189,541,859,852,938,759,471,771,465,538,944,824,531,409,477,743,748,685,1078,403,802,753,709,804,1128,620,910,714,809,863,1283,686,399,803,590,664,884,583,655,668,562,696,556,433,778,736,871,844,475,870,729,829,442,823,591,586,800,648,571,810,398,749,904,828,663,820,435,590,873,928,921,753,823,874,827,1105,712,839,829,812,1108,765,673,597,1123,773,1028,973,619,838,643,483,817,1089,924,846,885,811,753,778,721,837,880,433,603,611,819,949,638,1306,617,667,894,919,671,671,615,583,379,715,733,917,942,665,1010,768,835,676,804,727,595,559,408
780,990,643,579,872,629,762,753,1063,1054,489,872,716,0,886,839,776,406,492,774,567,806,1080,860,607,494,830,541,633,979,734,511,916,597,712,725,913,383,854,797,715,739,947,889,711,845,608,674,1130,831,404,865,652,910,683,716,667,710,834,1098,811,745,922,898,530,691,628,653,988,853,371,988,545,1060,637,688,492,516,610,1021,972,766,969,1018,841,836,480,910,1047,875,442,830,971,842,590,615,984,720,783,678,891,809,727,831,892,621,873,1030,852,589,909,459,352,1012,574,706,880,446,905,461,652,863,856,832,1062,932,731,628,751,456,623,779,522,536,780,736,599,747,935,979,749,907,884,561,687,546,729,337,804,811
670,542,673,586,385,445,662,597,786,669,1072,1212,577,862,0,903,785,909,773,743,773,904,715,885,845,638,717,713,909,612,310,789,738,860,846,639,779,330,856,1135,932,303,1081,858,828,651,830,428,498,1153,759,1152,727,943,1036,661,876,743,733,880,1137,899,785,816,982,814,1020,413,553,546,624,338,449,992,799,1006,739,985,860,674,654,763,761,776,820,639,1111,782,800,767,924,408,1101,408,884,512,673,1134,575,740,974,549,763,753,797,803,793,710,773,868,396,705,770,1358,860,600,910,551,928,739,671,844,676,731,490,745,528,698,545,922,559,709,1066,741,749,759,770,673,674,417,1075,573,1020,471,731,546,835,463,524,654
598,669,1074,707,1219,713,713,687,953,679,789,1124,582,879,433,0,570,570,572,782,575,1068,667,544,457,492,831,746,750,924,813,711,365,653,563,1114,821,639,339,664,698,1079,844,665,643,950,760,1090,711,542,720,899,548,905,813,777,732,717,856,557,822,771,1032,757,1002,676,495,842,916,737,656,420,744,1026,786,916,579,474,466,482,635,620,648,502,646,328,791,769,852,804,684,792,1085,775,940,779,751,842,691,789,851,856,931,651,549,911,930,594,706,862,872,834,734,781,780,593,682,1034,678,867,266,650,924,311,840,395,384,1141,865,697,576,237,760,607,1045,803,941,730,685,676,784,715,648,855,655,885,953,502,736,760
404,773,443,784,411,344,801,548,878,661,784,1042,623,536,733,898,0,778,824,846,598,1006,1033,867,515,549,504,730,494,874,562,394,433,778,692,875,1083,859,739,621,566,445,1216,662,1036,927,748,729,766,695,453,890,798,601,533,183,517,878,687,876,603,693,467,291,826,759,700,563,828,747,933,885,1062,653,766,631,568,982,564,790,837,761,1189,857,783,631,810,757,1086,809,790,812,152,953,866,646,681,689,428,471,314,799,943,838,874,640,685,672,766,334,991,713,713,868,1148,718,1024,575,780,889,815,628,693,627,940,598,908,609,831,1108,675,583,817,854,1063,546,881,571,984,939,853,878,662,341,827,676,940,797,744,965
721,796,773,1056,870,1424,909,611,508,1145,998,1011,855,784,666,665,845,0,824,673,1193,713,920,567,638,751,634,783,917,787,667,503,843,568,656,882,1072,840,741,1056,1154,486,791,645,759,474,693,712,1060,766,719,632,664,970,668,571,780,930,747,784,884,898,503,872,624,658,784,446,872,793,671,781,888,472,556,961,1046,472,877,634,603,720,825,965,863,1033,1117,626,615,414,489,482,1033,1105,746,1095,844,832,1007,631,1117,804,716,743,1180,840,777,565,735,850,867,853,776,499,581,767,516,805,723,688,430,1062,619,777,781,970,426,741,549,817,654,1149,1200,591,769,857,960,1009,558,821,466,1010,836,570,521,972,716,613,949,639
576,823,1068,718,866,719,852,586,1033,298,1007,625,1099,846,432,1020,880,1020,0,928,1004,751,783,1027,879,336,614,966,848,940,950,779,791,743,657,886,499,1119,777,432,1112,341,449,774,730,896,841,505,731,608,1126,466,712,670,749,501,1089,741,814,664,838,867,687,1064,471,424,641,544,348,656,470,606,982,720,923,961,873,673,939,675,574,425,913,858,752,940,570,1104,443,774,658,585,624,746,772,943,747,683,576,750,951,960,522,1001,593,596,762,829,791,639,679,918,945,521,602,799,273,554,804,720,539,590,695,558,658,803,790,790,860,849,1028,659,775,812,178,738,1035,1030,651,1117,668,758,863,482,804,1368,580,435,847,645
1164,583,569,554,569,566,560,655,616,985,1022,721,703,725,815,793,835,742,650,0,374,621,863,848,797,832,568,673,573,681,646,763,725,972,800,507,956,727,1073,871,913,917,811,910,654,821,507,1007,715,607,757,590,743,420,639,903,517,590,737,757,388,660,1387,172,1043,977,894,1185,490,743,520,970,872,490,850,562,717,1097,815,546,352,937,719,817,811,724,494,1117,529,979,992,854,582,697,578,749,1037,789,438,723,710,459,654,433,707,523,645,887,664,771,703,700,972,1046,681,591,504,899,893,663,729,696,829,585,618,784,658,592,384,519,931,977,610,537,698,823,761,580,814,763,1130,930,755,776,731,462,1001,892,794,1074
809,565,596,657,813,688,658,803,642,1065,577,792,1021,699,527,949,971,466,518,658,0,895,540,512,914,883,766,519,362,680,682,655,587,542,763,898,667,903,996,774,681,629,1115,831,836,685,804,350,987,699,503,978,622,640,656,576,744,881,757,285,830,1158,696,914,729,674,977,886,819,252,846,654,695,686,512,517,457,421,622,632,559,1005,1004,691,662,940,703,820,886,1177,514,942,867,420,1063,937,908,1004,787,527,465,854,713,854,658,772,788,622,568,759,900,437,910,820,708,879,1128,582,657,776,317,1090,800,359,753,169,844,732,862,723,721,509,791,578,1448,565,664,808,863,916,588,911,600,831,631,659,892,1037,697,897
819,720,788,597,675,811,791,847,715,1029,834,718,487,518,716,893,1254,714,693,768,662,0,719,620,929,682,624,565,797,469,1034,953,651,641,910,640,398,480,1040,579,968,690,1107,491,765,1042,575,934,645,694,547,825,802,639,855,707,883,909,488,1004,593,858,1082,721,263,725,793,768,904,817,555,731,755,630,803,822,562,991,981,832,663,933,857,785,618,805,982,658,352,898,767,449,630,724,692,750,803,469,279,733,724,676,475,570,1016,520,700,790,658,1064,663,640,601,983,666,707,947,646,716,586,1099,927,939,691,876,597,668,709,658,617,867,726,613,517,823,786,1252,676,732,729,939,936,634,868,622,1222,577,709,824,638
1257,750,668,739,994,1031,720,876,510,963,1084,904,392,319,534,915,709,517,565,744,642,942,0,684,536,807,943,821,1026,785,569,759,782,948,860,991,812,901,524,793,520,1015,665,759,649,770,730,684,1164,562,978,647,1056,549,665,913,713,671,794,669,420,851,1124,598,790,637,876,536,868,388,816,833,959,808,907,620,717,706,544,869,660,838,1021,917,671,964,1063,615,922,510,839,715,332,981,607,739,761,643,513,956,791,616,972,838,700,816,1025,774,586,513,539,746,805,686,773,693,976,487,723,867,249,544,763,523,942,787,702,614,1080,694,660,824,1037,574,902,547,379,1039,612,891,692,466,782,656,602,355,899,720,276,1008
489,680,812,691,1040,406,440,449,795,811,819,643,425,1084,705,853,515,797,389,588,1022,1039,766,0,654,627,936,770,494,1081,1313,990,943,651,442,911,1057,232,1022,857,1164,857,652,606,838,1042,666,637,1065,907,1073,350,828,838,883,879,701,901,825,1159,758,851,870,698,628,645,773,1024,953,791,885,449,792,681,442,861,417,1059,822,1016,774,578,889,751,599,1014,424,903,443,575,835,713,342,796,491,1022,711,666,949,1044,1016,746,572,735,592,613,911,475,841,596,741,664,878,935,565,798,620,1020,620,614,721,787,1066,547,1063,395,881,697,467,723,622,939,877,518,762,498,711,733,626,1246,741,829,748,491,628,774,584,536,609,1047
680,862,795,954,1010,542,768,727,833,888,616,529,774,952,890,836,527,946,698,393,893,269,703,1144,0,843,1209,919,1026,848,230,1377,988,983,450,485,961,412,610,791,862,683,414,705,383,652,851,565,890,346,957,655,930,668,739,783,972,845,673,726,1028,869,336,624,869,948,555,472,669,299,727,803,976,695,438,807,503,689,611,546,348,641,531,1312,649,1101,722,925,722,665,892,900,1112,647,710,574,640,601,531,666,640,1115,828,448,1180,304,704,650,801,1146,598,1286,777,722,914,743,703,656,671,675,968,732,865,884,1087,763,449,467,763,766,955,1029,978,1035,404,714,847,740,815,661,634,817,579,794,810,1162,807,581,784,598
610,893,985,737,350,836,522,562,820,1354,599,617,983,762,815,463,814,968,661,623,999,825,692,680,1234,0,706,870,740,756,892,692,617,764,381,1031,818,812,994,613,514,622,1124,733,825,743,806,759,340,641,816,530,913,835,660,570,883,534,536,701,817,1091,883,519,527,684,866,1012,751,977,712,271,1172,1169,1018,696,819,784,527,832,714,1074,1224,625,709,902,520,956,764,917,1108,1148,535,437,969,652,607,1149,853,866,624,890,590,740,516,805,396,781,768,870,1359,592,626,483,653,803,492,958,462,600,1006,1181,639,807,829,556,763,1143,582,626,665,514,1029,645,637,917,834,600,623,534,705,573,651,770,945,959,492,774,1097,635
1024,768,790,559,667,609,535,936,1139,371,591,751,1253,734,720,996,868,837,927,1112,687,585,931,850,897,709,0,657,803,831,820,866,815,782,801,1059,615,644,711,709,408,844,728,894,789,763,941,604,199,675,1166,643,849,1064,630,1018,638,677,1094,1058,926,724,878,159,1013,630,647,768,470,706,508,834,1155,808,635,756,606,842,819,725,638,773,779,699,1070,721,824,652,876,687,548,850,1259,899,140,959,847,946,860,578,987,533,820,1051,1083,634,759,766,940,939,827,620,284,602,651,446,413,996,660,789,797,1091,589,528,667,1060,1018,861,632,920,981,878,710,261,756,620,617,693,823,970,436,861,967,791,280,443,359,1032,910,996
575,525,545,877,625,600,906,700,865,547,645,738,755,553,957,422,925,537,729,1344,875,396,635,716,834,717,814,0,914,635,950,783,1142,812,855,568,705,564,861,487,462,846,926,632,1158,643,640,613,897,756,519,735,881,909,457,829,885,1329,619,686,514,389,680,533,1051,691,1142,504,1095,805,400,876,608,983,760,1151,587,1046,883,686,705,1041,531,815,916,795,1003,705,886,670,676,775,800,885,685,586,856,648,946,455,1015,746,399,863,1010,739,906,933,957,829,289,454,938,601,577,796,502,1051,761,841,1164,660,478,383,878,1054,851,672,649,430,618,512,1124,611,809,324,706,481,804,659,812,1213,796,961,805,815,1337,908,1030,609
1160,415,1027,722,530,971,736,557,862,512,859,866,687,630,873,1268,749,755,808,445,1026,674,849,983,822,893,566,678,0,709,865,748,916,866,1105,344,823,869,654,339,763,894,1060,805,595,923,437,1013,847,963,667,945,421,908,1144,339,712,490,925,583,798,504,756,971,656,758,583,754,602,971,537,1033,1304,794,640,617,163,439,679,1001,468,805,538,811,717,587,531,795,849,537,704,1010,750,861,839,699,739,799,453,616,762,1006,602,877,502,1022,1112,906,401,942,764,730,563,545,481,942,621,851,760,980,388,748,1004,764,924,873,546,961,485,818,518,854,1013,738,576,409,488,596,841,805,807,796,634,890,877,238,685,604,926,612
1267,802,900,933,921,815,577,906,1039,784,667,951,793,888,533,426,984,655,443,1003,688,1191,701,503,721,1205,808,344,794,0,897,487,552,542,243,788,879,684,774,986,687,624,657,866,868,817,573,773,988,533,920,615,803,396,701,803,965,498,488,367,896,522,860,998,422,971,858,955,187,1035,994,1076,384,664,757,1308,1008,853,799,682,963,693,824,880,593,640,701,977,946,1087,410,649,751,902,507,1098,866,804,858,370,983,1059,574,848,523,503,1006,811,754,751,667,919,847,766,408,754,882,834,763,126,813,613,798,753,690,648,1108,601,728,662,514,937,741,1045,408,715,516,880,949,1241,591,972,762,658,1135,677,653,706,771,716
692,795,514,432,679,505,593,784,911,943,878,776,731,703,622,650,437,788,1189,726,844,858,804,1035,519,768,891,539,863,922,0,639,654,647,784,744,738,842,756,982,706,673,1139,630,586,643,675,786,770,1108,731,335,718,660,600,803,889,986,528,776,346,843,872,472,1076,576,851,944,903,858,694,509,758,734,696,428,975,727,891,1234,739,506,692,888,878,776,611,886,240,671,978,773,916,687,471,621,660,808,770,800,812,1212,707,814,946,794,795,519,1021,738,672,772,857,854,633,678,757,889,630,408,800,756,868,875,982,761,555,1155,752,938,473,631,632,736,608,1037,610,434,1024,1058,915,524,840,516,965,648,906,899,508,960
637,792,799,687,666,663,939,543,796,1011,920,746,853,414,727,1017,960,736,1005,1209,645,704,497,765,562,862,461,673,878,600,777,0,791,840,840,808,802,472,917,839,603,965,470,548,484,509,322,631,522,875,981,287,703,657,788,689,1134,749,704,772,453,793,385,747,574,906,1004,988,545,547,872,832,818,279,671,618,647,951,741,1067,503,710,600,404,496,1008,1122,503,778,544,364,616,916,573,787,781,764,779,669,1285,1090,761,839,913,950,761,859,987,616,556,807,704,1022,449,1146,1019,331,797,960,1122,872,629,554,1061,855,784,718,1007,747,700,668,957,719,986,849,394,1070,712,611,449,993,1023,810,827,632,946,596,696,807,1118
791,855,633,804,921,820,730,731,741,826,718,1103,872,671,907,859,1033,744,1012,636,509,674,892,871,941,684,676,594,1026,782,553,863,0,410,511,882,1036,480,935,744,517,1153,789,807,960,279,828,944,1033,727,731,464,923,679,959,675,542,853,608,647,583,626,1081,679,995,824,784,677,870,695,326,715,534,644,780,572,683,664,907,761,1005,945,390,1018,801,830,819,562,874,814,724,582,490,969,1015,755,999,1158,864,804,693,670,845,463,879,949,531,994,640,780,1011,524,1028,720,510,956,928,784,554,470,711,792,772,583,882,735,805,1273,762,780,677,615,646,988,679,825,634,764,588,659,707,330,1144,702,624,997,648,671,588,967
537,839,646,666,383,576,1003,1151,982,690,1013,1038,690,1029,964,825,673,895,845,753,487,800,1015,683,693,758,1050,647,711,594,704,774,789,0,659,642,595,763,695,813,681,903,671,836,572,816,629,627,927,890,684,740,423,790,1072,422,420,685,187,684,537,1163,630,729,724,379,830,922,1033,699,749,361,780,256,711,471,638,1111,745,860,1175,620,773,1091,698,711,653,1038,854,624,573,1131,797,605,390,697,787,795,1009,1103,643,346,780,414,585,810,316,868,773,672,694,930,793,645,624,554,641,627,650,382,900,495,635,844,567,982,1072,764,766,779,362,650,983,677,718,612,614,790,863,872,827,1097,824,799,471,914,651,393,830,945
589,779,666,647,685,1063,706,554,1034,839,1048,977,610,642,738,824,680,1010,520,836,467,785,742,782,710,1119,368,983,550,560,992,668,905,1082,0,1216,981,462,626,808,773,237,738,523,950,812,750,941,550,586,813,787,1052,408,1120,601,837,758,922,698,680,558,846,761,807,965,872,621,995,1072,914,698,890,951,860,891,566,760,802,559,819,716,1028,204,646,1079,827,853,583,857,656,1026,1004,866,514,701,1019,721,562,788,918,901,767,484,447,840,785,657,676,844,917,621,511,460,552,974,628,649,583,1014,678,772,877,556,802,620,575,898,518,708,1130,925,943,444,275,830,502,637,621,678,746,619,1029,898,1214,663,938,1016,639,959
896,533,1038,888,569,827,463,373,984,1029,922,531,629,785,613,671,582,778,423,684,978,988,602,529,1044,522,899,840,702,840,736,793,389,617,886,0,631,758,1062,1114,676,598,579,1012,796,1096,545,834,679,857,975,777,919,704,1072,409,498,1050,819,648,564,779,1137,868,545,737,901,533,593,533,783,671,503,516,415,757,660,850,742,778,495,853,442,637,626,886,899,919,814,696,933,720,738,356,570,621,491,603,1002,784,730,737,760,982,842,875,518,406,1114,1006,963,731,367,614,669,911,1038,898,710,594,434,920,692,749,948,668,495,560,632,785,1148,472,471,1033,688,918,534,712,831,773,834,958,900,1002,1053,566,632,1041,1157,660
1108,834,459,948,409,1000,530,752,1145,825,838,789,910,525,810,1043,754,743,711,1091,583,1005,571,829,1068,898,785,785,671,942,765,937,523,755,1170,1029,0,799,1139,905,579,883,857,801,709,579,875,913,831,1114,618,1059,662,299,832,487,1019,732,906,913,590,737,720,1015,962,1127,63,980,615,372,572,1083,469,565,972,792,981,729,425,673,941,674,799,790,601,727,699,813,356,238,830,408,679,558,755,872,635,1025,829,1116,452,349,287,878,904,878,623,747,736,1031,1030,800,1104,555,809,674,872,763,1076,776,799,701,742,806,578,771,823,627,696,821,445,1024,1129,686,666,833,1054,374,1192,605,606,835,827,681,559,582,707,780,1028,338
751,1018,485,998,1052,846,615,434,836,1243,539,775,438,895,822,704,954,713,277,920,659,717,667,721,760,884,842,762,731,631,465,904,608,623,644,828,736,0,531,883,831,409,578,1060,610,1051,926,741,696,770,964,782,910,753,542,542,650,394,790,601,845,690,916,770,569,962,582,497,721,630,721,801,868,409,899,1145,820,962,820,808,684,663,857,761,838,941,696,378,325,683,532,858,682,773,715,549,738,1121,439,608,348,802,374,305,993,636,976,612,598,985,744,119,817,672,751,502,874,498,1090,405,438,483,819,951,894,769,837,753,881,518,441,506,975,1119,979,705,848,606,641,446,580,754,890,877,972,674,811,1019,571,943
727,601,925,976,634,840,1091,636,840,847,1006,527,987,889,872,406,847,929,643,543,665,878,1063,944,653,1247,571,563,843,966,479,566,713,473,752,563,644,868,0,627,710,706,734,565,875,794,1038,540,453,618,830,1046,849,863,920,670,1151,731,747,954,726,1139,673,777,576,702,756,921,778,1069,1018,788,428,883,441,582,1121,910,905,608,571,447,733,593,649,1333,1001,601,657,668,614,525,747,662,575,556,569,778,393,313,836,812,585,676,757,568,825,963,640,559,345,723,708,610,808,831,539,1073,542,913,1056,622,761,311,744,705,693,654,674,781,848,734,920,661,818,451,415,934,924,881,813,756,752,787,921,1133,664,989,713,858
995,682,1116,823,814,1110,846,561,347,702,795,830,434,603,930,1119,408,815,1054,842,824,827,666,814,907,615,842,779,510,1069,973,683,865,541,479,740,842,1122,734,0,486,976,981,987,948,972,1040,653,710,1205,847,1144,717,1093,657,994,536,599,660,719,668,448,466,933,870,889,590,469,633,1038,872,339,628,592,772,566,830,819,734,719,802,619,629,572,774,710,826,850,854,753,620,509,548,972,837,1013,481,755,617,759,651,811,747,992,422,644,313,601,725,529,1058,845,647,725,1032,552,864,789,900,728,392,854,691,957,814,765,872,524,833,638,554,905,528,696,809,717,988,1018,506,876,837,547,956,953,609,661,752,714,147,170
654,1110,759,388,786,734,943,587,438,871,618,944,674,641,665,660,910,513,425,609,627,527,899,973,613,776,1237,902,772,655,788,637,868,987,873,833,1081,562,680,559,0,600,407,682,548,629,1058,694,904,706,548,707,631,699,893,915,786,572,658,681,828,1054,550,885,716,344,520,374,671,640,844,1236,814,416,804,711,751,888,1015,1036,835,520,955,399,395,1159,614,815,827,624,385,1083,513,764,546,584,607,921,566,1058,954,547,589,858,721,802,651,823,1127,638,779,718,786,1030,813,730,586,614,785,554,973,681,715,730,749,262,569,937,1040,831,1025,881,734,633,1138,966,907,1048,836,933,1159,782,827,744,455,957,580,1108,453,882
1195,689,843,652,981,638,864,724,624,883,1003,892,745,397,965,726,618,702,683,872,1164,524,515,625,650,822,887,814,732,1012,687,541,1080,935,402,548,466,810,521,943,919,0,731,506,784,1031,1049,661,687,541,541,932,939,550,758,655,780,333,891,890,587,888,1071,656,457,741,654,803,596,983,412,659,313,970,750,519,528,728,728,943,924,363,1040,898,461,755,747,1056,858,872,899,1116,691,742,974,924,719,878,617,1061,820,753,514,631,635,888,907,433,557,550,590,616,375,720,704,832,604,716,531,667,700,635,567,716,365,990,646,932,685,464,986,1059,358,1067,869,672,589,769,1016,883,574,731,963,1083,278,692,915,598,1234,765
678,673,701,661,820,1000,664,444,816,644,880,918,735,997,446,1053,845,691,935,944,507,910,709,769,407,466,706,814,656,661,773,1031,180,915,586,1111,587,248,887,1006,449,720,0,609,756,1216,1106,545,921,826,598,649,765,1238,585,771,780,948,645,844,807,922,505,989,1011,1023,1062,817,877,1068,509,616,694,349,746,686,529,1414,876,586,541,647,800,1016,595,865,608,757,641,802,756,624,453,924,453,952,533,767,614,595,683,694,690,766,814,659,861,914,1014,576,999,988,536,720,820,785,706,756,724,728,666,839,854,803,470,1043,616,1082,719,843,853,476,652,928,720,725,835,968,856,773,655,830,859,607,970,763,570,687,687,755
646,563,456,752,542,739,487,885,1009,928,817,797,1036,543,839,969,986,672,1152,793,1009,473,791,597,649,518,803,652,965,725,636,600,787,416,707,726,1050,472,775,559,817,817,947,0,966,625,995,719,846,335,701,864,540,806,548,599,462,800,789,665,536,899,1037,372,709,772,914,736,863,776,953,511,693,707,1015,1132,739,813,920,583,723,810,608,689,272,1373,468,602,515,713,790,1041,687,1188,837,697,492,530,809,776,665,510,534,988,631,734,793,434,721,788,960,939,923,827,754,615,818,753,727,481,927,935,806,836,776,517,1023,529,421,715,761,582,729,649,1203,1006,755,658,751,725,873,491,708,871,535,635,641,749,689,811
680,600,899,989,737,733,720,683,1190,667,604,867,804,708,699,797,1001,951,642,693,795,1023,1089,895,740,331,556,596,934,591,1150,320,1135,890,521,1035,796,569,663,564,585,802,556,843,0,1085,734,938,423,817,741,701,607,889,645,663,778,794,460,882,954,626,1198,902,742,736,1019,516,537,895,660,445,538,369,564,401,893,989,997,581,670,1158,815,781,999,738,1019,738,854,296,913,1021,814,883,692,604,639,1168,653,813,607,855,1185,737,683,970,827,700,637,410,544,723,538,676,883,1001,504,738,817,775,1117,865,755,811,648,1042,562,479,1053,1049,777,850,521,572,689,587,903,747,804,603,885,674,718,886,594,924,473,889,606,601
1057,611,657,737,310,784,1259,769,263,542,896,488,677,893,841,912,806,657,578,169,1006,1032,538,800,755,980,807,943,1015,700,599,612,732,582,248,917,615,553,987,719,406,736,594,761,939,0,835,592,840,797,776,568,962,1136,756,538,590,619,786,1115,521,605,583,899,788,782,666,1027,922,881,687,736,939,614,831,963,617,574,447,677,723,649,503,932,825,952,572,901,703,301,585,744,867,775,551,508,685,903,908,813,348,822,694,740,854,877,1050,861,712,1020,740,876,284,886,1156,817,827,759,662,596,392,559,598,746,709,1006,882,854,709,900,653,944,485,400,401,560,813,980,866,637,786,887,617,727,822,779,688,748,587,679
443,1012,647,1049,625,1030,764,833,896,559,796,607,607,836,915,377,1034,793,860,730,938,1017,986,873,779,681,657,873,937,818,692,703,635,657,518,1000,719,643,868,577,480,581,734,776,755,652,0,552,441,635,671,711,888,816,1144,443,611,1135,787,1062,698,569,908,980,1064,517,777,756,1085,605,940,912,840,858,690,631,1042,748,822,650,932,1170,816,665,986,994,456,1202,697,634,684,821,711,636,584,916,545,690,558,607,515,696,746,722,600,869,1223,776,616,167,854,531,985,897,799,675,628,943,1047,704,705,777,579,739,852,641,795,674,906,829,773,1073,837,773,773,651,1067,873,758,732,635,821,574,868,1002,819,422,753,234,1075
569,1006,890,577,905,858,282,978,880,653,833,755,1137,1101,931,387,1138,992,462,787,705,1125,1145,969,960,585,1010,676,572,753,902,671,582,778,827,816,988,664,882,788,872,460,784,639,1055,744,1102,0,628,750,745,952,385,837,648,696,884,708,835,598,610,769,982,1126,613,931,656,658,455,1157,781,828,1229,1032,562,608,1157,768,669,715,929,689,726,725,792,980,723,873,667,675,746,503,884,577,850,781,678,400,718,508,356,829,709,859,514,733,906,1056,863,474,757,490,1140,469,673,985,1027,680,560,679,685,717,830,723,596,378,926,801,1031,678,860,446,324,860,661,337,283,294,1021,438,706,460,903,668,734,661,1039,773,1081,732
801,835,573,634,718,940,716,747,700,841,594,826,341,575,678,893,722,810,400,783,846,1122,798,635,299,831,736,851,782,658,961,683,608,665,840,836,764,759,798,859,654,491,609,700,891,1054,851,890,0,828,532,619,774,1043,616,1107,584,925,635,1027,713,691,1131,757,559,541,976,816,1068,811,785,658,1026,686,822,929,231,466,533,937,835,398,749,703,337,693,840,1037,847,989,1053,478,923,881,764,770,826,1033,960,916,377,850,784,810,582,727,306,842,1094,525,768,379,640,420,1046,860,597,940,1080,816,958,495,456,853,817,1029,1058,279,948,1039,818,609,294,627,992,150,739,416,1019,691,703,943,284,699,477,472,702,435,589,566
951,555,856,857,629,1131,949,680,715,657,965,829,374,563,684,699,982,447,738,589,941,493,571,991,707,866,716,521,850,852,570,897,545,782,776,568,701,539,539,1024,887,867,833,790,724,523,344,730,752,0,885,827,453,673,867,506,317,1060,643,820,454,477,720,1092,782,841,790,671,759,883,726,630,862,814,734,832,756,591,814,907,748,658,690,592,653,782,749,323,828,566,801,504,705,780,578,1152,879,739,817,772,1081,987,915,773,761,723,890,686,695,692,1014,826,949,888,546,405,763,1159,907,745,824,953,887,806,1069,733,579,649,1001,1082,657,268,813,780,1139,496,439,682,918,935,438,578,860,778,667,836,645,982,844,661
714,881,695,545,1009,856,840,260,767,642,733,654,664,796,359,640,714,385,686,597,652,982,648,1024,407,634,1006,819,696,943,822,948,662,747,618,820,862,832,788,608,922,948,684,905,550,562,764,1136,813,938,0,587,775,743,905,855,441,761,1247,807,513,696,748,1008,1089,765,711,453,598,485,192,637,978,846,349,711,450,902,622,829,848,325,1209,496,595,403,958,798,599,663,534,759,741,771,902,1004,924,562,588,640,780,473,530,358,689,627,763,842,1032,669,1042,410,464,663,600,859,833,895,982,432,943,696,674,714,872,621,815,693,729,433,951,1019,895,1044,534,939,1036,789,597,567,783,841,985,796,701,752,992,670,700,643
957,1104,700,626,615,874,696,787,935,644,1075,778,722,666,471,1161,1107,882,497,829,849,466,867,801,751,811,978,817,693,610,736,847,990,942,588,882,1013,725,867,735,670,628,804,830,619,1156,1064,671,503,739,883,0,1078,753,392,733,798,1122,719,725,619,703,1042,845,800,741,759,704,787,776,879,502,573,868,723,649,497,720,983,747,936,584,326,460,812,705,630,201,552,893,799,538,651,693,827,750,631,776,1017,823,912,653,725,1119,886,853,959,358,931,467,456,800,880,693,854,761,857,940,948,307,527,966,417,523,624,633,939,773,658,809,744,617,785,728,742,490,624,474,972,514,517,1036,1115,793,691,854,640,190,882,278
725,378,741,1169,737,542,632,868,949,825,858,715,776,725,628,310,796,1038,1029,860,495,558,1091,825,433,716,1199,819,392,562,578,780,546,673,588,716,398,37,737,1112,1000,982,390,633,1035,774,891,466,1054,776,924,984,0,993,756,1153,729,449,862,766,752,818,813,1072,721,713,979,1026,590,333,579,545,717,794,1113,510,570,960,828,979,1128,592,834,823,394,505,606,344,884,1215,898,476,643,762,627,938,862,813,437,778,703,783,714,869,612,1092,771,1129,679,1116,1007,806,545,359,605,748,1009,653,721,848,424,1186,950,738,531,693,461,812,506,956,659,386,954,654,928,544,456,906,731,706,959,583,1102,878,531,1051,506,809,861,879
760,628,569,482,667,607,1236,1003,741,439,700,916,775,916,744,682,785,802,1261,513,907,886,746,529,891,993,703,838,414,929,1014,807,330,1038,810,815,1023,1059,750,957,843,770,648,868,549,1004,611,898,888,603,584,1063,1312,0,764,407,834,1198,769,671,337,836,859,788,789,462,817,543,603,501,971,338,925,559,1275,694,706,493,992,849,546,598,784,1179,630,915,750,731,376,604,699,530,961,604,986,710,761,1085,1009,379,948,629,731,1124,812,571,822,953,712,951,882,625,553,893,402,691,930,516,784,736,786,589,454,930,365,856,1263,740,816,877,1082,463,679,247,820,951,642,766,665,973,1044,796,872,463,545,1070,852,1021,1017,474
254,778,826,718,818,735,921,502,992,709,827,496,637,855,870,827,1027,580,1121,1106,999,274,1037,761,755,1003,862,516,517,831,605,820,848,623,962,324,885,720,1263,974,977,648,1151,369,964,659,533,716,1066,665,965,957,719,753,0,912,780,795,1099,538,931,720,820,769,852,686,830,432,650,678,786,710,785,659,748,817,1213,551,707,697,809,653,750,587,857,1003,879,718,616,756,1080,775,390,856,815,652,942,768,978,706,706,810,438,948,1194,741,1049,763,777,279,1005,696,1148,747,863,778,636,971,466,963,927,709,1045,693,495,1275,729,749,591,715,887,925,660,637,843,369,652,738,1455,763,692,899,562,646,810,740,931,426,646,624
1009,1107,827,371,923,639,465,480,641,820,834,781,693,742,930,602,331,455,745,892,648,586,762,1051,940,481,754,760,752,622,993,520,1034,652,787,708,514,734,697,831,607,745,928,892,154,602,610,698,762,748,932,737,387,790,843,0,343,887,1010,235,1033,734,571,966,693,942,663,659,1092,967,670,621,812,620,541,584,747,1156,504,832,890,741,914,432,470,875,772,845,914,978,705,1242,751,789,508,684,718,398,889,357,549,489,429,938,1012,966,757,949,818,617,849,700,902,273,880,659,635,622,757,1124,366,791,724,686,710,865,989,309,545,833,779,863,440,1288,759,818,517,945,590,548,772,911,683,509,759,965,888,729,630,1160
948,782,711,485,478,559,821,640,619,894,443,578,971,822,539,657,914,573,633,673,509,961,414,853,590,434,636,569,643,474,511,778,685,674,571,470,729,719,772,780,881,618,435,494,682,781,943,974,709,961,739,978,954,610,542,656,0,680,592,656,560,372,1070,822,721,763,461,959,669,598,785,705,1325,835,1064,909,667,604,1008,651,402,930,872,876,665,672,357,1032,905,510,820,444,663,928,873,803,747,489,874,371,517,544,613,685,829,661,716,449,494,1038,895,646,704,790,664,852,616,484,908,953,499,848,1134,611,782,742,1028,927,597,419,655,717,485,1118,847,424,743,664,310,930,813,794,651,522,685,749,959,590,706,415
480,698,523,823,1050,866,686,838,589,851,704,533,964,1108,770,884,743,700,916,727,475,1161,621,499,564,964,834,609,1035,264,942,401,508,653,789,982,715,745,725,878,827,1029,582,715,802,555,595,1027,679,946,562,883,568,483,615,941,450,0,821,710,790,633,523,837,1063,1040,1011,754,790,760,556,899,568,1178,553,855,505,915,800,1109,653,1092,306,585,710,420,1021,732,584,791,481,815,687,563,605,1009,640,770,563,889,609,689,809,818,584,677,760,461,1174,856,578,725,923,711,961,430,710,469,743,917,816,375,965,546,549,229,829,463,608,843,772,682,567,885,795,641,920,488,990,978,472,687,852,855,822,609,1038,875,496,908
837,847,518,821,684,735,552,515,755,945,555,774,883,459,918,565,429,887,752,626,473,804,1148,292,715,961,786,634,928,945,899,608,808,748,769,963,826,859,540,979,666,776,702,964,517,991,966,828,649,723,763,1051,590,706,979,974,799,561,0,1159,1019,904,500,906,636,320,953,978,800,818,1066,761,1346,884,989,1039,782,744,324,554,938,943,900,1077,783,931,533,860,835,776,718,751,770,902,640,612,928,773,550,847,884,706,803,706,755,585,722,699,656,710,626,697,486,599,852,874,1050,1049,682,906,689,553,682,1134,988,594,950,869,782,788,407,679,612,640,728,985,751,603,964,1010,749,693,687,858,925,903,771,818,842,874
929,828,747,668,707,648,721,867,129,519,883,534,855,583,780,926,1006,832,572,957,596,1117,756,780,563,957,957,457,680,1020,375,860,536,463,970,978,616,326,920,824,487,905,1098,1055,988,717,882,455,316,505,735,442,846,818,1023,604,652,710,708,0,456,700,328,790,719,633,789,823,891,957,1321,876,869,265,835,730,663,853,1025,890,725,923,951,410,1105,528,919,822,993,531,192,683,1023,1028,968,594,956,1065,612,703,508,1148,742,767,690,835,877,817,362,689,776,717,854,636,657,1071,723,373,814,1041,243,840,756,963,1018,1300,874,504,612,603,408,819,950,348,907,771,537,1110,502,1198,533,826,587,545,630,832,947,861,702,637
799,682,987,661,917,902,470,801,648,614,842,781,586,737,855,914,608,843,992,640,824,463,624,774,730,813,665,1000,514,468,694,800,669,756,544,427,565,733,585,586,933,1111,748,696,640,824,721,1024,959,1036,577,749,884,766,875,583,834,1016,302,701,0,775,836,832,762,953,812,766,637,1062,864,993,776,445,899,529,658,780,698,714,561,885,938,988,819,553,762,981,815,1164,727,820,879,820,1157,576,1107,642,1182,904,692,494,756,646,868,776,767,653,541,880,727,881,806,509,684,907,488,883,736,926,799,592,630,500,543,794,695,473,363,457,459,772,777,748,715,929,202,546,602,719,774,736,529,694,683,574,549,869,586,486
617,660,522,607,499,875,545,808,1109,788,930,604,954,787,985,1052,370,900,376,572,611,1181,704,922,761,603,404,461,794,923,1033,1018,905,364,690,678,799,988,1013,590,421,1163,832,781,580,731,376,884,1101,756,731,516,836,514,841,281,1057,728,778,472,890,0,530,802,775,651,1209,677,846,888,967,554,933,597,455,655,584,719,851,909,660,739,897,710,647,1033,686,983,595,894,796,502,676,623,816,673,774,685,667,706,596,586,385,982,744,538,949,904,654,632,862,744,788,597,881,764,695,877,714,383,751,473,405,727,971,365,532,805,699,750,504,653,690,682,896,1003,643,524,1073,575,889,606,547,1016,645,770,704,718,918,912
454,627,825,778,801,1082,829,711,797,763,773,407,748,922,1086,549,841,765,803,656,491,575,522,568,760,841,670,723,519,821,894,1144,702,776,766,757,691,523,714,642,771,770,1001,693,701,775,1021,835,1066,338,861,466,881,480,856,1012,934,766,815,927,940,842,0,869,592,962,613,706,1000,489,784,572,727,1137,258,1043,865,881,832,586,855,346,823,1174,399,821,918,838,735,985,533,792,870,632,853,728,738,637,439,483,1148,712,822,552,863,922,607,1044,789,966,778,672,1132,652,598,803,640,681,750,746,1296,693,646,892,670,848,686,757,926,793,615,921,776,649,587,789,1115,549,762,773,756,737,784,904,590,815,475,608,950,722
896,1111,478,824,554,730,765,699,663,916,1114,692,583,804,778,855,709,463,746,693,844,1239,778,1054,668,836,919,934,819,815,883,847,771,880,684,936,344,916,804,1034,1020,509,741,730,807,799,787,785,1019,692,612,953,520,758,964,931,663,582,898,830,943,439,361,0,706,946,460,739,1073,489,827,547,1125,582,688,353,683,856,800,920,948,816,664,704,838,627,599,536,628,870,604,921,836,1074,754,894,630,476,425,1011,675,824,780,557,730,757,530,810,940,705,671,1001,517,610,837,841,949,569,919,1202,661,1014,624,694,560,536,919,970,495,936,928,584,908,600,1017,944,567,452,744,1009,804,558,819,766,767,778,831,1273,886,636
1116,494,1108,602,568,669,815,1054,1123,905,532,599,873,645,858,648,792,922,1068,295,1003,1159,782,803,617,650,1082,589,829,667,964,421,710,726,778,774,641,979,581,976,723,1044,864,870,784,653,595,568,736,921,790,854,713,437,1115,1046,583,483,842,687,632,723,724,798,0,890,1369,918,1215,801,661,1006,635,527,1195,616,915,581,886,680,770,666,673,772,1142,412,273,426,994,695,777,799,678,1000,630,940,1097,828,895,991,914,759,1175,845,747,758,788,1040,750,841,675,851,656,705,986,948,987,1041,781,637,861,904,757,858,631,473,550,638,1078,1268,839,937,422,984,1081,934,1078,1122,553,212,814,496,506,973,597,614,710,695,883,969
636,570,761,941,901,957,839,1014,979,713,528,912,483,538,930,789,688,781,689,904,724,793,801,748,872,469,570,375,654,205,376,886,1107,626,840,932,954,563,1194,884,756,1046,745,929,814,1029,618,782,982,1290,498,806,610,510,742,736,488,726,835,690,712,848,603,997,979,0,902,714,614,750,1005,986,754,915,715,700,864,797,661,666,568,549,247,720,361,599,589,407,1071,860,421,559,844,1024,722,364,715,871,921,870,621,510,743,499,769,807,910,548,751,512,789,1018,523,685,979,853,902,638,1047,170,631,989,532,701,664,563,998,530,919,909,749,820,585,996,512,593,917,582,811,768,832,707,1060,851,674,631,662,735,701,811
635,698,874,791,435,464,523,928,543,708,870,520,662,1100,867,390,538,852,793,597,766,902,881,814,857,705,1008,804,646,921,612,412,838,1108,765,741,660,995,503,547,967,681,921,765,593,754,1199,654,458,850,975,790,755,1068,925,634,787,854,884,631,175,478,929,538,757,819,0,1155,724,819,955,333,901,1142,874,932,891,439,705,793,344,689,434,618,841,839,976,973,1087,705,901,893,518,701,1027,1134,373,836,985,899,501,859,767,836,664,923,830,572,930,489,925,702,669,445,1007,836,605,1096,717,666,795,709,733,821,516,973,837,511,846,673,731,776,579,877,564,879,394,845,435,828,1118,779,1290,716,855,941,276,581,875,727
506,1381,813,865,751,751,928,704,1139,952,799,1124,981,976,900,811,456,641,699,1025,625,739,484,763,637,808,637,759,569,874,966,720,481,729,635,797,795,906,669,843,895,538,625,628,444,904,635,431,1013,921,901,688,541,989,725,831,532,851,834,557,782,728,740,762,717,495,485,0,685,671,912,892,920,603,1210,541,619,1103,929,922,468,827,926,894,948,655,711,810,831,801,543,686,1358,884,673,1209,613,873,795,764,817,826,377,900,863,657,687,593,796,625,1020,894,615,753,599,837,755,831,775,846,334,483,570,663,717,994,911,871,842,852,606,959,813,608,801,797,578,653,715,507,645,1129,753,825,696,672,755,946,1013,742
725,882,690,779,413,724,968,487,719,731,1128,650,743,613,969,764,1039,995,711,785,512,883,581,746,1114,765,802,823,793,1044,493,944,891,882,364,739,1223,718,794,814,747,416,534,747,925,393,422,655,798,445,925,473,712,1062,788,802,1007,1019,662,972,713,261,922,629,1193,647,585,949,0,895,510,776,797,553,1144,483,781,675,518,726,737,1101,892,1006,747,825,543,761,609,537,958,705,607,668,713,768,837,785,1060,637,1062,579,959,814,728,766,1100,519,923,393,500,730,1064,1079,572,866,965,878,627,960,689,807,503,785,997,936,963,799,1010,639,446,819,687,473,581,872,501,676,664,843,783,799,569,700,481,777,797,948,704,372
555,778,676,986,739,1078,720,466,915,1087,335,872,1126,835,750,1036,612,712,738,623,541,431,791,793,899,478,766,418,991,636,635,589,1032,739,930,708,894,857,265,457,627,824,717,340,897,610,736,842,662,706,825,688,709,288,670,644,492,609,828,750,356,440,763,1227,567,905,782,1234,697,0,993,950,915,893,627,947,565,1051,792,493,788,1009,975,861,603,878,565,451,650,792,748,835,395,699,667,926,745,794,751,861,488,587,556,1107,685,862,814,774,521,857,821,497,607,947,694,725,858,634,573,335,558,467,702,790,688,605,511,1047,727,654,818,812,622,739,1087,832,866,1114,954,1073,467,599,1104,919,725,342,948,754,408,813
329,361,774,1112,672,767,871,935,494,739,689,1017,684,669,623,519,440,558,407,940,528,630,662,796,608,1037,1130,651,852,1108,628,735,371,909,814,948,726,677,293,734,957,720,1040,804,645,684,1012,1242,407,550,498,788,564,571,491,783,742,1057,514,1049,770,977,920,806,804,903,337,644,760,801,0,637,726,666,765,1118,798,782,691,524,961,821,649,618,514,666,787,840,758,1004,868,976,404,500,940,913,587,588,674,840,748,587,893,579,745,764,590,815,844,471,498,866,738,1129,733,728,653,920,906,996,783,717,619,506,1015,925,764,181,902,444,660,656,782,580,770,1170,877,1131,773,517,359,792,575,881,635,616,484,967,803,789
769,989,875,649,611,620,841,632,701,431,672,892,1065,786,709,721,863,482,702,647,352,719,851,603,975,833,609,638,760,512,562,917,707,595,993,928,697,881,911,797,756,243,588,1130,776,935,455,716,861,1054,557,493,859,821,735,381,880,662,257,608,731,774,523,670,1047,346,716,386,655,1036,883,0,638,819,696,897,841,697,838,596,963,787,627,775,587,857,962,1158,774,346,840,439,940,836,561,511,531,943,583,976,776,902,445,853,859,632,651,845,826,389,920,1159,438,986,721,705,581,687,1041,934,826,610,551,829,522,836,735,15,811,584,522,590,1029,998,350,1116,850,792,783,540,534,877,743,1339,373,818,395,507,504,779
757,716,505,492,526,762,537,735,528,794,629,807,951,873,945,918,667,900,486,858,912,642,727,729,765,762,827,963,796,919,633,568,849,653,634,1023,1068,686,635,669,469,834,696,705,752,791,893,971,698,572,860,781,1025,596,408,656,867,366,781,871,475,473,677,750,574,817,863,691,1032,805,836,528,0,554,730,909,855,1085,875,810,691,697,546,793,994,940,770,588,1024,611,891,558,497,569,564,499,1143,1011,1184,633,441,1170,894,665,718,907,662,1047,1107,550,776,800,532,767,670,756,1120,469,627,672,1001,938,1126,668,701,767,881,958,725,893,930,639,687,714,773,967,520,897,586,800,720,529,721,555,650,837,507,800,650,499
763,670,603,535,848,653,974,671,800,837,958,723,647,736,558,457,743,883,997,575,708,799,674,1086,1050,756,989,998,919,771,1202,691,986,420,546,805,795,682,706,526,882,556,1259,508,828,749,970,981,1196,452,754,869,956,945,1059,728,566,697,1058,610,944,837,712,719,635,475,1107,726,549,694,1139,1270,829,0,1162,363,574,973,959,830,731,831,600,569,955,792,874,527,712,881,779,1139,717,999,647,566,931,729,949,582,630,473,733,970,888,815,847,1000,619,807,540,583,712,590,571,545,1019,668,717,810,756,334,641,591,531,749,443,1079,758,588,682,846,866,993,659,947,644,814,730,465,1059,376,824,658,1127,760,1036,861,668,975
527,526,776,831,548,776,1043,963,988,946,743,1113,864,942,761,1106,450,697,854,519,629,700,687,591,680,507,845,901,417,735,533,956,828,640,893,349,1047,594,849,921,844,751,685,1100,742,751,746,1323,637,932,815,836,904,958,693,788,660,1060,826,563,516,710,987,420,928,544,922,625,1039,635,531,482,775,509,0,653,657,336,1048,914,543,1067,856,1064,855,501,661,724,605,640,704,691,805,468,987,872,618,998,901,901,588,695,823,651,787,940,669,908,414,816,1091,968,404,1356,1012,633,902,660,1306,714,681,680,658,752,928,572,658,489,1228,774,903,493,770,699,942,930,795,1242,689,461,811,525,1100,823,888,1093,907,711,809,381
807,880,754,892,793,958,502,686,687,721,832,861,562,460,733,661,716,1145,736,671,452,715,730,1044,810,471,966,660,1089,586,684,1028,1047,1130,468,862,950,886,935,817,935,654,918,738,580,844,711,450,820,1163,574,886,564,485,664,1128,467,454,899,406,1059,794,868,371,918,466,798,662,956,745,703,801,727,1014,734,0,607,1121,857,825,676,786,846,746,789,909,570,992,896,806,732,692,708,832,685,592,599,648,743,580,736,528,775,903,790,808,832,966,911,819,1188,978,561,834,937,835,707,923,1033,715,862,788,1040,750,840,851,927,770,379,721,592,735,500,1199,753,877,826,429,1020,864,977,711,738,620,453,907,601,530,612,947
174,909,666,932,1076,673,722,787,804,807,581,685,1051,812,1127,598,833,727,849,653,888,856,715,747,924,939,609,1097,622,372,672,525,397,429,853,568,1005,600,660,991,752,835,719,715,786,622,837,452,741,353,419,955,455,598,924,531,855,620,806,674,661,548,665,711,678,523,929,663,475,654,835,945,853,559,778,1038,0,610,803,689,771,414,854,574,636,620,1017,763,826,846,887,671,680,633,676,908,908,776,420,680,688,454,682,702,587,590,1228,783,814,637,1246,914,792,499,693,414,682,605,834,861,448,670,864,1102,645,761,787,832,755,651,838,618,599,805,936,665,812,935,970,670,907,465,621,833,473,902,578,615,703,485
462,631,845,745,502,965,417,569,776,637,667,870,701,886,948,528,837,893,940,659,1018,776,627,700,853,547,1120,732,468,792,675,635,996,874,735,677,633,722,605,874,566,734,660,1147,986,581,972,429,611,783,504,608,725,753,649,1211,980,581,745,849,320,855,520,847,876,814,864,734,912,497,695,792,583,778,1121,654,1014,0,1180,879,746,765,489,1181,325,685,528,282,607,287,597,1287,768,980,1265,1071,664,976,539,514,1089,373,801,722,761,623,882,737,568,471,537,565,936,850,831,681,1080,802,338,845,803,841,965,590,866,1172,642,712,767,618,734,777,541,525,1039,997,880,878,624,866,665,620,842,702,672,1094,794,566,823,566
751,893,851,770,663,487,414,601,629,903,464,1306,526,663,804,397,787,1004,1001,798,732,983,547,669,859,695,754,768,679,720,794,840,735,1053,919,637,680,779,449,288,938,539,1127,612,981,763,637,997,985,995,829,671,826,773,359,519,1057,552,985,419,693,829,691,954,558,886,402,517,926,399,860,998,755,637,782,837,868,1225,0,571,636,1028,1017,312,648,455,271,772,745,771,817,710,671,732,799,631,939,906,334,667,799,595,826,714,355,461,714,1298,866,371,1055,734,708,596,781,497,896,796,362,744,630,1022,858,562,650,792,769,837,612,823,904,400,1134,941,646,1165,811,945,400,654,587,766,772,1291,655,719,837,574,622,609
597,803,730,695,777,807,965,505,900,735,720,919,585,594,495,778,768,675,1116,849,1069,871,744,1066,572,764,521,841,984,616,566,736,1245,685,973,844,386,727,650,495,883,656,724,1124,672,875,595,676,1080,1001,765,1125,954,910,583,629,538,889,602,520,638,797,783,871,509,1006,631,833,799,416,794,669,926,559,998,1063,835,367,588,0,579,595,644,719,669,611,419,1043,545,781,758,990,1194,417,679,1095,520,1046,869,838,811,581,621,1056,998,461,955,536,324,1229,1107,969,710,793,464,925,1255,700,673,841,852,753,792,409,613,953,921,771,832,777,818,495,514,877,386,942,1016,502,431,960,412,412,572,926,386,629,854,681,778,682
636,529,593,641,1156,1078,801,1046,894,869,651,746,605,859,545,890,548,943,919,1104,783,779,663,513,800,443,799,806,960,819,897,731,843,746,1043,998,620,1203,1034,625,1010,819,470,692,692,479,729,585,980,893,634,566,761,788,981,899,687,407,1045,844,640,772,856,829,656,772,1134,470,752,614,646,739,776,520,876,752,1177,814,665,788,0,1019,715,797,1179,1047,728,1090,1168,700,817,522,719,892,789,644,924,966,965,232,558,577,474,705,1332,250,507,683,506,774,565,747,688,999,783,828,916,775,1003,1046,805,689,1000,554,363,702,496,545,776,662,534,847,502,827,1190,427,921,895,649,734,962,1065,540,782,730,1200,802,578,605,675
1447,725,858,829,739,785,722,373,583,1143,689,529,585,891,986,1021,1160,676,979,770,813,848,1002,991,897,607,757,472,527,989,1005,1039,461,660,620,978,456,672,870,573,1109,403,846,658,481,564,664,634,954,846,1059,663,573,852,1134,597,407,603,1094,899,973,965,559,903,657,521,339,1170,584,901,1024,577,922,684,774,819,650,866,823,683,831,0,819,848,871,584,400,721,463,291,489,789,808,846,991,442,629,1026,591,699,655,884,654,807,752,869,823,737,660,856,1012,463,599,797,1097,830,652,767,942,752,835,948,907,967,481,551,515,749,681,650,970,679,710,775,675,668,518,696,807,1066,557,1023,905,859,545,990,786,878,760,615
883,683,562,1052,782,773,1133,702,774,457,935,730,573,930,455,562,609,616,1006,707,716,927,524,644,546,926,370,601,465,865,362,611,815,540,734,575,1207,851,643,323,750,1025,582,832,986,731,1138,779,936,632,729,816,934,693,324,878,627,827,845,534,834,435,838,870,915,877,786,493,722,919,1228,877,1009,773,817,755,954,462,977,772,520,722,0,534,1069,906,601,782,667,687,677,676,597,751,555,868,796,664,653,1041,597,1056,616,1061,861,1088,1100,1065,556,815,688,577,914,854,901,691,946,513,1022,417,300,906,682,508,835,807,654,752,933,893,654,354,833,924,1207,788,715,817,518,549,747,721,879,632,1042,487,545,703,620,752
810,656,805,702,992,1100,1036,1189,635,766,654,1044,823,703,943,887,471,758,651,685,893,1015,531,929,1035,898,848,614,866,569,910,685,529,804,1134,686,698,723,900,759,958,787,1206,647,452,1198,822,786,1242,869,753,678,590,956,847,1069,495,563,296,631,515,659,394,715,875,928,507,633,364,643,761,902,686,808,682,614,1078,659,195,1012,739,1009,800,0,523,590,780,669,828,610,560,658,974,752,875,690,672,1005,597,804,702,821,686,499,743,763,825,818,832,810,495,282,601,547,811,778,856,1094,881,691,740,628,699,409,787,417,736,741,873,610,649,985,829,855,938,804,637,691,785,833,804,506,1007,1063,1028,860,798,438,681,959
999,805,1018,581,1050,807,407,894,964,898,972,589,962,670,477,866,691,791,973,617,858,844,806,360,522,551,800,826,850,739,406,686,393,436,913,733,907,920,1022,802,684,981,800,716,634,1081,932,540,881,684,868,721,610,977,551,715,1061,728,828,934,795,856,418,809,967,896,713,840,906,988,532,909,381,1055,543,1007,776,762,485,609,932,595,578,381,0,901,812,670,527,830,474,1029,1004,715,753,698,893,673,583,526,1055,348,894,879,960,547,585,770,729,729,831,794,865,606,747,588,1049,676,1183,502,965,1052,772,923,757,330,647,774,604,731,670,886,695,752,529,725,644,214,751,801,682,859,580,569,861,597,730,808,1024,883
943,1075,632,774,951,548,593,643,1065,736,655,1011,592,929,693,470,676,764,844,294,624,859,877,1032,671,1121,930,707,568,726,712,554,272,609,697,382,967,860,642,513,881,742,922,392,714,1280,1072,823,870,474,498,600,771,598,789,622,410,568,861,476,765,188,717,798,753,966,713,803,546,1040,553,789,850,848,693,994,681,819,1062,481,976,1216,707,557,1134,0,855,550,578,902,478,677,788,994,688,867,1039,816,429,737,519,895,795,933,743,591,758,650,1063,875,686,592,956,692,782,576,695,736,672,916,543,241,652,534,463,830,239,990,694,630,933,679,995,498,670,677,573,483,685,784,792,1095,832,1012,822,551,771,926,590,760
857,797,643,565,846,372,877,484,776,951,453,998,727,629,644,838,1024,918,554,634,237,804,1061,810,875,539,403,920,902,703,747,1098,370,1418,643,433,926,593,1043,621,782,807,360,564,712,649,793,233,928,893,697,374,409,948,611,1002,813,1118,563,744,938,973,631,604,487,220,709,755,647,445,673,858,712,757,569,595,831,693,921,687,776,1253,601,649,679,431,0,529,784,604,396,732,1202,590,976,437,781,981,828,641,918,762,756,712,623,949,1328,625,518,848,554,592,645,455,751,614,821,740,656,344,932,589,986,672,952,734,583,881,886,822,1019,888,659,1006,667,759,708,1298,578,822,845,621,1033,510,1154,713,955,1023,769,761
764,1040,584,578,1060,1083,901,670,857,807,808,539,857,516,787,890,570,717,618,991,925,687,938,996,1050,661,1076,842,808,721,961,819,914,363,781,816,813,681,1161,469,748,718,736,876,750,1150,971,804,927,671,534,875,726,826,788,704,771,704,763,672,795,623,726,833,557,825,749,988,699,832,1151,790,698,720,790,569,920,319,740,892,684,688,808,562,900,800,668,0,979,584,1447,719,879,828,578,487,476,754,1037,774,959,580,887,880,805,592,328,673,636,655,905,877,1039,709,703,731,897,345,361,388,560,1065,1277,739,977,764,777,865,852,423,692,913,543,813,635,409,695,625,1017,833,625,414,569,816,936,841,856,746,997,496
956,424,726,891,1031,362,692,998,711,1043,556,797,576,396,729,464,247,323,920,833,504,863,835,543,989,822,517,573,659,759,913,995,787,563,908,755,471,691,531,733,837,575,855,979,473,944,554,948,895,1044,579,847,1013,952,611,1089,763,634,783,569,563,921,1101,1114,1027,934,776,863,663,362,758,712,950,605,1227,934,601,595,864,900,577,824,531,730,822,595,709,720,0,647,709,534,642,813,692,840,775,561,623,1019,1080,772,872,712,710,255,903,635,621,530,968,838,1030,635,839,525,827,712,500,793,796,786,743,724,710,749,873,575,716,849,655,743,565,807,901,156,805,733,712,591,956,400,945,1098,727,837,479,857,731,675
871,717,672,1219,443,889,866,916,494,416,1040,794,892,476,911,663,690,1001,715,927,731,882,782,486,911,420,514,907,686,805,539,927,709,778,819,1045,794,989,296,1137,645,716,443,693,690,818,752,837,765,798,741,952,818,794,931,1215,770,693,639,949,667,750,995,723,1207,794,509,1014,969,349,565,893,564,573,752,1165,665,911,765,842,1162,611,725,1182,539,667,434,789,851,0,931,440,931,676,658,615,792,671,582,1199,658,703,716,775,849,609,921,1185,629,1042,761,578,893,807,941,655,1016,597,680,673,768,615,900,931,639,564,603,501,740,1006,816,1366,1084,503,901,839,917,559,792,506,495,507,1029,844,885,942,582,574,738,492
665,742,535,812,722,904,761,844,951,997,390,731,789,1062,568,654,730,828,283,727,673,1053,893,863,629,617,754,605,732,622,665,966,821,963,745,1033,719,1024,1019,511,625,718,697,907,894,606,413,769,589,557,216,462,719,510,826,636,884,1155,1072,302,830,699,678,528,953,855,698,893,817,942,1400,895,739,733,701,415,906,777,639,538,1192,934,474,542,719,977,747,942,613,748,0,662,587,729,743,485,682,325,724,789,754,700,503,651,393,763,1021,832,886,542,666,1079,393,1018,849,697,784,771,582,827,801,808,733,1117,837,821,818,717,1031,656,539,366,731,697,1055,684,667,747,898,558,885,905,867,1049,436,653,504,672,795,802
840,705,361,361,864,615,734,762,721,1115,365,605,1154,624,825,919,519,787,990,383,917,676,820,852,645,922,549,892,650,557,740,829,962,942,1275,762,428,731,707,774,961,614,1110,966,596,729,350,808,697,615,952,467,590,556,417,526,620,643,938,1328,766,882,976,549,748,1040,686,877,505,711,785,870,694,673,964,1056,858,1060,871,1124,440,636,570,820,732,565,828,621,619,786,619,0,701,948,682,655,611,806,694,871,895,840,671,991,944,470,346,499,830,698,620,268,674,644,912,864,799,838,750,636,662,829,640,844,667,841,932,585,761,977,755,998,875,1022,757,779,269,638,693,702,382,255,570,716,720,1362,818,707,922,752
716,650,594,764,947,442,708,805,988,513,699,651,761,491,350,991,752,363,814,720,743,709,599,625,969,466,774,526,585,855,547,915,608,528,626,561,868,1009,929,638,700,789,649,745,910,638,575,580,822,701,886,652,594,891,803,994,932,690,919,737,734,896,1099,1049,705,793,495,604,934,921,751,865,725,281,706,735,802,778,487,651,667,635,804,573,804,562,859,789,843,511,404,830,0,863,715,673,1099,842,617,517,962,742,781,730,470,357,633,659,733,963,720,1116,700,762,1074,1053,986,1153,669,724,1037,675,575,432,864,981,596,909,414,754,636,1088,1068,762,788,634,1250,749,788,620,649,760,610,601,823,1034,879,827,830,670
519,645,419,680,634,597,627,784,665,603,427,750,565,646,750,487,703,947,796,694,677,996,1045,956,962,815,672,488,751,1203,849,838,795,828,717,586,496,754,635,588,405,918,872,503,697,668,264,560,918,544,993,1120,952,839,627,1190,641,402,746,490,761,677,868,842,599,1001,920,846,795,568,320,703,680,970,687,839,435,735,818,536,657,863,707,888,833,984,1044,677,855,538,565,656,617,0,672,548,387,726,365,826,724,1206,728,905,958,752,647,811,890,785,963,990,747,752,1237,885,905,1085,904,659,1161,517,728,678,268,879,532,518,821,860,705,1145,757,735,838,635,868,708,704,723,776,563,729,500,732,402,751,488,735,242
1005,232,830,621,305,897,1,920,823,668,1015,553,771,621,740,814,628,776,977,926,1021,647,848,823,561,1045,812,1151,1026,568,207,875,748,1298,859,413,916,551,790,743,523,877,640,991,716,862,833,746,765,618,514,551,945,797,905,535,566,575,861,869,731,695,458,835,628,576,926,875,849,766,639,828,1049,705,1041,482,750,918,905,1119,642,710,805,412,782,474,797,570,817,782,555,1044,837,830,0,452,1014,525,807,583,805,794,699,281,1108,711,771,1096,571,959,858,605,795,736,779,1007,793,788,737,666,1001,872,971,393,872,945,875,805,540,338,310,768,795,516,874,852,874,483,1140,512,1024,330,985,782,781,648,552,765,729,644
702,716,863,825,423,1007,1028,563,389,677,1149,859,718,817,922,655,534,886,773,820,1203,897,759,890,583,545,621,674,840,873,609,469,452,829,843,683,992,287,1026,770,460,1082,760,955,867,532,1027,894,469,571,899,863,925,466,1005,1283,752,684,646,1066,697,1042,543,726,733,884,972,693,956,991,624,831,988,822,567,526,213,672,527,396,856,739,914,789,359,464,703,509,917,757,459,1113,919,880,694,0,333,908,590,816,668,574,854,1068,548,615,1150,766,852,1092,744,609,694,770,917,451,851,501,871,937,926,678,421,504,893,952,906,661,745,944,722,606,492,1001,1059,888,1040,1085,399,546,809,1039,891,1155,143,930,693,743,688,444
580,936,825,723,630,703,834,765,517,768,704,595,467,1080,824,165,480,560,678,829,500,887,794,1057,435,816,874,764,575,911,716,697,582,747,928,563,470,632,650,898,303,329,695,797,559,1061,799,910,605,748,799,837,817,776,694,679,318,746,719,805,659,864,1352,783,741,1159,901,526,675,925,617,268,1036,1167,673,754,769,408,526,503,580,579,897,593,843,685,763,867,303,820,1085,917,1048,870,709,752,0,729,711,861,568,696,1189,668,792,786,361,516,314,768,774,420,550,1000,706,872,809,557,909,1010,796,947,939,666,823,756,844,627,688,909,435,454,836,800,819,703,731,561,961,698,1130,520,580,261,814,957,883,1155,778,679
460,342,637,837,358,531,797,834,575,900,870,851,273,971,566,673,708,858,623,998,710,562,1059,730,877,1079,686,888,855,327,595,585,528,605,784,807,548,971,210,695,422,928,1236,858,545,813,687,923,638,757,836,823,314,1170,1048,641,606,735,498,764,925,985,686,724,1109,450,831,914,774,1210,673,614,566,622,704,647,732,795,648,691,847,550,688,890,775,850,874,666,943,752,783,455,791,661,684,520,435,0,766,907,539,794,913,718,798,895,340,833,535,746,1352,609,662,614,511,836,562,595,861,1072,633,1123,408,868,768,543,300,823,843,896,1039,822,919,1042,689,1041,856,1026,868,823,667,496,1122,672,789,683,1128,733,685,692
869,754,1026,955,902,1073,346,924,626,469,1099,843,813,980,882,662,904,937,797,189,752,1211,936,436,1126,823,665,633,682,711,404,755,320,630,826,541,450,871,732,540,453,589,778,733,859,533,953,340,858,1101,845,1134,761,613,423,280,1354,471,1106,1040,363,877,614,802,868,896,882,547,778,556,868,935,848,619,770,824,1189,703,555,283,860,645,469,621,688,874,989,170,740,1009,737,836,629,1041,873,532,827,644,0,836,626,1012,1206,689,561,1118,912,333,599,406,731,427,863,923,393,666,1121,500,498,552,691,1024,331,956,929,896,785,632,684,923,619,854,675,820,662,672,740,591,857,690,880,459,1056,899,850,991,993,872,714,780
433,598,727,492,798,720,758,772,515,494,916,700,702,792,937,662,562,1123,384,556,723,760,487,965,628,974,773,668,462,725,995,579,956,433,432,981,719,802,799,659,690,975,999,659,784,1181,759,627,644,649,856,694,795,431,1215,953,926,823,365,683,1044,1138,1032,762,590,1135,835,980,910,520,781,1022,876,946,688,1116,830,1117,668,733,524,827,462,854,707,644,731,698,825,820,967,1007,553,716,1010,981,526,702,1206,0,448,1038,739,966,1176,977,718,517,907,770,847,516,537,1163,689,1115,479,810,777,798,674,507,733,476,773,744,636,454,710,393,1046,834,770,917,588,712,776,1126,928,902,921,418,499,478,451,919,730,653,916,864
627,738,449,1168,753,661,835,724,1035,603,247,959,755,807,404,707,684,712,674,845,685,865,274,737,1003,457,822,771,1199,965,585,866,716,932,668,832,872,980,631,461,711,697,1042,799,1038,787,598,766,728,581,730,906,816,571,691,684,716,1459,776,607,730,794,978,739,1031,774,606,360,676,881,506,573,781,782,780,677,493,391,973,794,476,624,770,326,749,877,525,570,1057,810,937,708,639,580,646,796,419,1039,826,720,0,1172,831,974,465,646,828,1160,652,390,998,865,543,668,932,514,682,881,452,524,1133,909,859,695,584,608,848,737,698,953,717,1106,698,916,430,450,963,807,761,711,740,1089,864,771,918,891,920,661,571,1070
976,534,1036,1179,698,761,585,602,708,696,1091,653,902,971,573,597,530,834,609,762,892,606,633,978,494,569,825,952,512,614,850,717,628,1224,820,1105,731,685,990,927,744,865,738,853,739,489,1047,664,589,799,542,594,578,408,812,899,561,863,739,649,804,652,797,851,798,800,780,844,902,937,846,569,200,684,1029,912,602,587,751,507,631,719,900,731,805,844,786,969,947,482,578,702,746,681,791,573,1167,790,541,682,549,0,896,888,695,536,731,914,674,838,562,577,739,638,743,686,912,849,785,575,762,822,881,1141,916,791,376,819,1027,951,928,728,291,568,569,792,170,1015,303,715,530,659,744,635,747,558,428,590,766,940
684,647,1145,912,289,591,768,403,636,728,714,671,854,755,446,1017,618,864,885,885,767,891,627,849,499,780,954,271,908,639,1281,656,715,624,965,557,699,410,400,766,715,570,583,794,623,884,815,692,573,688,583,660,875,751,989,901,539,597,561,1216,602,608,763,401,903,595,558,831,761,963,332,1192,842,837,902,713,708,943,1124,1141,786,1177,657,1074,450,662,763,742,503,623,1133,1004,686,647,633,901,764,668,703,509,547,1179,0,437,494,376,869,687,624,703,667,688,735,850,332,801,651,779,807,1125,580,866,494,664,604,1081,913,779,877,813,736,432,881,960,446,878,713,567,808,490,762,876,815,672,387,978,664,580,822,864
1279,770,693,731,784,794,829,1121,471,733,807,512,689,595,850,863,807,989,1351,658,983,593,405,1236,872,621,601,616,741,928,1121,754,675,1128,1105,644,892,1060,555,643,723,547,383,658,776,538,522,920,862,787,616,928,701,817,837,921,572,704,576,807,776,1154,486,710,836,626,1177,1054,841,915,835,814,715,918,750,760,979,706,730,931,1008,321,465,746,1014,627,612,1034,999,786,438,788,978,974,834,794,1013,823,968,644,902,630,665,0,724,939,847,686,1046,910,368,765,984,725,602,489,888,939,1087,579,616,1042,907,290,814,746,919,874,851,867,944,1012,1261,626,574,579,770,601,280,1020,726,664,508,881,772,641,761,885,934,825
619,974,562,929,581,751,864,737,1022,515,257,486,668,1241,743,970,1007,999,809,1010,786,656,489,818,790,1020,429,664,651,755,635,333,370,638,917,953,416,447,876,861,361,593,1089,234,444,465,848,977,742,840,1042,924,958,715,1199,727,629,512,445,554,564,768,611,448,707,1001,484,617,414,491,479,628,538,808,471,688,690,880,930,361,624,974,647,643,963,855,522,1003,337,925,500,804,375,879,800,822,857,727,464,709,906,1024,400,669,0,643,794,802,360,526,521,401,1018,974,795,723,770,773,878,1014,656,878,967,605,582,886,1031,686,481,926,1354,756,898,553,522,515,572,896,720,994,683,774,673,669,671,530,528,625,591,1197
592,855,759,871,675,658,976,914,727,1014,940,642,800,1101,942,585,702,608,655,1021,883,460,1084,917,955,1059,1234,910,944,862,318,989,401,891,816,929,890,1164,908,808,663,721,788,791,1105,738,565,566,708,867,767,588,709,583,685,878,776,1002,939,707,922,585,842,637,637,889,722,824,889,722,808,691,777,745,624,917,1038,978,918,272,485,436,839,577,483,822,760,858,594,775,752,634,758,971,928,572,693,790,555,813,850,657,477,589,758,0,556,585,958,641,1047,878,534,886,751,542,436,729,703,1019,717,996,591,1065,809,781,478,1031,968,414,513,569,741,188,811,1189,961,863,893,366,697,653,652,1120,900,594,1035,711,692,464
894,888,556,657,725,542,648,458,1049,548,756,644,833,488,778,1072,803,529,514,945,1084,776,738,886,762,649,405,227,303,1107,995,805,711,518,1017,875,594,799,685,578,827,898,397,897,880,779,658,498,750,576,519,1093,1127,1000,930,863,470,1074,867,903,725,627,531,1110,793,747,742,543,694,484,772,416,884,671,781,824,380,1035,648,829,740,600,365,684,845,865,849,713,675,583,679,780,408,656,957,1053,1078,778,792,772,1051,655,387,844,843,987,0,708,1136,808,734,1030,1223,1094,757,637,656,444,698,902,857,762,769,640,948,1343,340,913,304,328,1206,539,1093,833,823,579,980,506,833,808,1212,836,560,648,1169,686,763,506,734,783
469,396,778,932,1183,764,990,464,801,508,441,653,849,318,928,620,761,965,615,764,859,341,466,1027,282,1088,482,700,923,877,645,680,820,347,824,657,597,1126,712,1179,532,831,803,414,712,928,580,458,994,747,954,761,739,803,841,1032,600,477,1150,793,779,1099,766,567,685,582,789,771,433,506,705,505,627,392,841,736,870,901,797,748,434,944,757,465,579,766,413,843,862,938,529,784,814,717,750,769,818,776,953,729,674,964,769,754,422,769,902,0,350,625,888,878,620,871,883,660,642,882,1035,673,793,936,1103,864,579,909,674,786,945,700,334,584,854,711,652,727,687,982,289,465,601,1113,836,827,729,783,836,722,812,787
748,728,403,783,775,980,574,803,418,832,814,741,751,644,617,751,551,1009,1012,635,664,932,565,968,694,334,846,514,814,722,615,598,408,871,597,706,688,631,847,533,728,710,1321,702,1208,493,252,853,637,779,576,767,824,1215,967,1068,978,796,907,1015,849,1033,939,627,883,993,642,639,641,815,581,688,559,695,1156,861,734,829,511,1008,618,888,764,780,544,1154,724,856,760,482,1102,1077,809,700,967,303,789,553,776,628,590,507,1105,988,658,1012,665,692,0,1159,197,627,702,871,975,725,881,372,804,663,703,1011,796,835,917,375,904,772,711,1021,1041,706,654,449,535,875,333,529,741,1025,579,756,541,397,533,622,391,605,624,951
828,840,856,1003,511,1196,288,542,883,834,687,1037,953,811,777,598,904,350,414,563,863,546,351,371,821,500,538,1239,740,524,678,756,425,569,342,871,516,850,241,783,853,812,625,852,583,708,521,1028,685,822,999,599,816,943,730,461,850,656,690,612,393,564,883,714,390,764,855,952,745,738,564,697,655,753,986,819,736,570,924,916,333,333,709,402,884,754,763,920,678,675,523,804,1064,735,737,893,875,673,837,568,715,935,945,504,801,954,802,743,862,0,726,557,899,411,945,712,669,978,644,1013,633,784,608,612,777,924,754,1077,283,1100,839,838,499,683,869,354,630,771,841,261,588,977,645,626,711,858,961,931,751,805
653,877,758,525,981,472,1041,1005,769,861,761,907,1011,728,898,839,865,1236,895,678,623,1064,752,407,700,472,635,761,605,647,804,856,852,788,905,937,1220,1158,845,1064,677,763,765,576,1000,889,1027,774,845,851,776,738,692,691,939,577,654,550,778,840,607,888,1072,786,907,757,771,550,829,675,573,1061,801,727,969,853,764,381,716,896,913,965,358,1132,701,276,730,634,797,645,841,385,775,901,586,502,959,742,785,606,993,726,807,1059,556,569,1058,603,803,980,0,215,666,1005,896,631,390,845,560,828,546,983,282,542,694,463,713,927,919,1010,686,905,617,512,1131,1117,803,680,793,516,669,402,930,556,1150,838,963,851,881,525
611,521,763,739,706,476,1006,925,1112,473,654,765,700,502,622,735,1156,441,1082,660,300,855,934,650,556,1025,685,339,948,942,623,714,769,821,1063,880,884,827,621,800,802,549,884,918,651,957,947,843,949,767,783,758,276,523,693,1039,663,386,603,507,668,453,377,648,534,868,598,628,602,752,653,704,912,943,1312,1037,687,115,654,763,804,739,618,1061,839,720,652,955,835,848,805,813,808,763,818,667,750,587,661,769,755,771,658,660,929,599,777,698,848,681,727,0,667,789,819,490,861,1161,602,581,854,467,746,710,968,966,564,929,848,993,564,499,572,1004,462,731,1090,966,804,744,736,701,803,687,576,1162,890,650,941,763
783,1057,665,658,412,600,774,926,797,1082,1014,358,548,943,594,693,737,1111,776,989,350,785,1111,695,1175,1066,475,910,831,768,876,476,471,786,979,797,472,1220,868,791,762,810,792,1080,604,875,888,865,866,606,685,800,718,613,518,1117,740,445,994,852,778,666,926,600,726,962,502,581,1001,500,982,795,873,603,600,728,898,833,888,1028,487,483,803,811,703,390,745,541,507,664,780,736,870,510,645,747,875,741,725,625,467,383,975,1206,592,743,509,917,368,717,875,712,0,920,821,1058,597,706,750,995,675,876,588,1055,672,661,190,945,852,592,610,621,728,1052,807,963,466,762,489,776,659,466,271,1105,695,948,888,918,588,743
851,636,713,791,720,548,851,872,794,550,749,764,568,1128,878,949,777,833,605,1067,947,710,1041,542,631,514,613,807,1024,876,1054,956,418,738,694,549,772,615,839,799,583,668,893,869,551,526,700,532,877,1054,836,310,773,333,590,1206,402,539,1147,538,262,652,645,557,299,696,679,849,738,622,999,607,899,451,736,720,260,736,629,945,771,863,575,785,734,1040,707,493,778,780,668,695,800,721,1311,666,397,758,1049,723,867,544,880,900,738,744,595,646,1191,603,391,655,788,0,912,962,776,759,1041,803,709,1088,821,378,694,680,875,699,544,445,635,704,1087,824,614,890,932,38,406,976,606,751,637,752,694,439,839,688,690,734
284,1157,901,679,1038,972,930,672,484,660,784,798,714,733,1269,531,765,553,849,569,1215,635,639,469,696,728,942,984,753,921,911,658,715,1035,529,1135,1111,751,513,1108,588,579,366,799,969,604,590,566,588,537,828,574,1026,557,739,940,797,1216,647,835,661,435,694,746,823,608,654,684,516,813,690,640,211,913,598,910,190,714,575,536,797,767,1038,577,657,1019,422,618,604,900,702,418,552,956,606,992,1058,763,592,904,958,513,827,907,553,950,865,768,665,754,614,951,908,356,0,689,613,539,628,717,670,645,651,983,880,788,591,905,792,725,546,587,448,728,812,493,441,741,847,711,646,1150,948,676,828,516,503,610,1149,867
395,572,676,724,796,721,755,1172,745,587,476,799,538,1086,259,473,585,994,575,521,715,426,838,1144,778,801,553,439,521,369,833,753,825,945,651,446,854,834,565,978,1021,680,657,873,734,945,456,736,809,863,605,411,1119,498,603,581,784,808,817,740,473,587,108,666,741,690,525,546,1006,776,729,718,587,938,698,868,716,618,781,623,760,704,1161,751,220,895,614,771,787,527,580,1129,835,610,1043,861,745,977,906,599,493,627,613,913,1066,1088,654,493,503,1087,512,819,819,613,1164,0,879,927,757,995,572,512,988,1220,813,581,746,482,763,588,680,418,872,412,723,956,1054,734,630,652,240,847,1227,510,417,894,634,826,514,891
755,831,604,1082,506,739,1021,845,842,579,1170,427,892,739,688,780,231,971,846,533,835,577,800,530,527,906,502,518,883,581,460,864,548,1038,836,547,832,1116,752,975,904,701,626,843,632,851,752,856,646,538,794,981,765,729,404,582,713,782,678,807,653,1184,935,1111,874,711,494,427,699,617,529,815,641,927,779,694,453,1391,605,929,702,741,832,375,636,806,822,916,826,887,1026,1012,946,879,664,424,882,799,549,604,759,990,538,712,814,585,851,798,629,578,857,910,294,916,652,1095,0,898,926,475,1009,607,821,587,635,939,668,598,350,961,582,934,789,755,738,595,748,1060,751,911,919,397,965,517,381,615,801,621,872,853
800,593,913,625,953,829,564,486,894,910,569,904,858,670,802,671,761,866,588,817,696,713,729,874,658,548,635,761,768,864,794,904,1169,475,785,934,866,841,853,785,809,926,761,773,733,585,893,777,1090,945,842,665,662,703,408,641,718,637,525,631,776,567,793,921,1088,828,824,851,1018,804,773,826,724,623,697,738,677,803,656,1053,673,651,784,297,431,561,509,814,780,901,236,424,770,745,707,554,1036,575,670,909,753,574,752,683,985,1303,640,701,1144,638,839,554,473,849,685,417,544,0,597,1032,450,777,1008,945,734,1232,602,628,934,896,746,736,659,794,613,679,207,914,861,758,1283,835,716,1085,923,649,489,464,895,1019
902,641,873,584,1621,910,674,837,1033,896,721,277,550,1082,381,496,800,993,945,534,879,522,805,810,1085,397,1033,722,685,280,810,786,1041,591,617,658,859,701,862,654,1083,1021,358,417,710,534,639,892,593,1007,739,876,1022,840,771,1122,378,763,747,1102,829,753,670,553,872,511,885,613,738,517,1068,713,588,664,620,980,708,681,642,636,139,458,592,399,389,718,707,997,546,592,705,822,680,954,799,858,442,988,802,781,820,711,660,693,1081,798,1068,1003,343,479,692,679,895,577,850,838,860,869,0,735,943,733,646,1092,864,482,722,521,566,690,562,1013,842,436,827,459,885,913,991,968,1245,683,718,524,1008,1068,833,780,607,748
985,1147,549,764,632,798,742,491,1184,628,893,852,646,574,304,966,711,292,635,842,923,660,826,1222,724,976,894,747,1033,1005,1093,918,847,784,1197,875,1027,546,834,885,760,652,950,815,505,932,528,711,1010,541,597,819,665,675,655,790,696,447,880,780,883,966,894,705,624,1162,762,650,542,983,851,725,689,1067,657,1095,639,603,696,836,300,741,832,909,639,684,820,939,738,591,717,614,664,776,900,1018,949,1030,383,592,866,827,789,917,802,732,551,710,667,780,848,1096,541,841,720,427,790,1013,1126,0,908,806,841,1001,744,631,747,786,900,1070,799,1163,1230,650,831,759,1034,924,931,1028,707,776,773,885,677,540,909,766,865,993
196,535,647,602,835,823,654,974,565,433,594,928,777,900,700,918,680,1023,500,309,964,771,714,628,869,930,604,760,866,1079,646,706,770,787,603,969,523,602,1144,941,903,1203,983,764,786,849,958,579,830,726,724,456,552,699,1140,1080,777,972,593,728,706,471,845,405,518,647,843,941,1049,1144,801,613,536,768,1125,864,800,880,828,588,642,759,522,616,664,613,688,858,921,1206,620,879,1111,840,232,700,635,593,566,758,935,789,599,753,1001,963,446,117,619,1252,743,899,691,561,854,917,489,1018,755,677,0,752,620,777,688,750,870,441,569,951,452,807,698,969,932,575,542,504,537,842,491,690,904,568,1100,584,898,480,474,1097
1038,770,604,495,846,807,819,820,858,914,703,590,481,634,428,651,359,251,512,916,732,1056,1153,718,499,798,1294,933,525,871,629,798,854,590,783,936,889,604,798,839,941,1076,810,1012,676,886,883,854,668,922,864,497,745,755,996,1214,894,568,742,456,769,659,726,919,749,695,856,850,783,1013,491,1094,879,743,790,687,499,698,688,608,634,835,1065,661,568,863,648,740,584,843,880,319,1032,655,718,527,819,768,996,505,837,193,595,522,774,373,760,874,881,895,589,442,831,233,778,918,1002,711,649,663,991,0,444,695,949,559,868,1079,876,302,553,439,326,1008,613,706,941,855,628,450,535,820,879,910,595,746,653,1359,719,686
802,577,1041,663,669,1041,711,650,1000,370,611,624,797,825,722,756,919,613,793,796,667,616,520,660,818,393,1121,789,867,494,551,462,752,897,1233,423,591,467,1329,754,525,611,787,634,776,473,874,621,625,576,936,769,730,791,737,903,939,811,822,793,1019,965,924,482,911,838,699,860,850,333,651,697,278,710,598,954,633,619,573,496,576,499,818,943,888,987,715,532,550,826,1142,521,648,700,847,766,693,269,685,560,591,672,600,662,978,561,562,464,919,801,616,563,649,389,514,633,703,1,615,823,684,1216,0,404,757,899,610,679,507,556,934,622,521,810,835,965,737,1241,636,783,845,576,694,958,750,630,882,739,775,1083
849,921,980,1129,242,706,670,554,795,625,705,1121,747,657,1151,528,918,932,964,422,649,354,580,685,887,698,664,780,541,736,877,241,814,866,680,634,978,866,760,876,920,535,753,923,771,915,987,754,320,562,929,573,871,921,749,934,836,566,684,485,532,822,1174,712,837,898,672,695,446,789,555,946,1398,832,600,744,761,876,659,1157,579,754,637,1109,633,874,812,663,308,836,585,863,853,741,737,1018,895,538,581,666,565,409,879,689,786,657,826,939,530,922,771,740,753,479,904,823,628,870,785,633,607,783,749,0,730,779,707,843,713,993,888,797,834,436,777,458,910,915,430,707,831,383,765,913,658,632,1097,934,780,901
816,1138,836,993,982,639,563,753,621,755,669,576,564,859,534,668,277,516,772,805,881,688,923,384,878,409,785,854,349,741,603,746,678,370,548,674,635,1210,680,1131,935,649,454,563,399,962,819,758,1261,998,712,824,817,441,512,1135,724,644,890,807,757,763,695,509,721,817,994,642,818,674,784,868,660,829,851,1066,640,190,865,698,909,897,450,924,634,753,625,806,700,601,856,895,641,666,868,996,880,615,480,765,388,765,670,610,835,968,648,1121,627,929,911,740,742,358,967,1032,618,615,790,418,885,847,566,1036,0,693,878,792,981,1056,286,895,707,606,584,584,464,392,793,730,421,688,652,763,857,1506,695,767,361,541
830,649,648,545,361,1027,1112,542,741,1039,823,884,521,532,683,531,508,704,798,484,930,961,693,637,873,897,487,848,748,643,641,740,795,1062,853,722,663,485,893,448,569,1000,853,836,309,1003,896,757,788,268,1106,690,542,923,932,313,688,849,918,135,751,472,276,388,682,365,1148,922,1030,584,1011,428,741,949,952,692,629,604,1119,875,936,751,1114,786,382,578,630,793,811,365,655,1039,757,1035,318,689,707,754,707,705,512,674,829,863,444,797,677,856,753,751,824,1183,773,815,1143,342,602,459,506,695,940,248,719,477,549,0,890,741,795,881,817,715,585,621,591,323,790,865,767,416,417,703,905,747,1012,899,780,605,857,470
701,841,602,971,831,775,360,562,571,630,740,768,1046,1081,526,30,544,659,619,634,686,645,689,1089,670,665,1091,1000,703,955,718,1117,352,566,776,519,1043,880,722,574,909,540,675,890,942,1123,581,136,840,1443,637,717,870,998,711,470,923,921,1106,590,1073,734,842,502,464,808,646,862,520,692,970,957,649,496,610,780,965,727,870,811,766,849,1191,699,1114,700,963,724,764,621,706,896,856,869,614,626,563,851,939,498,934,666,752,629,317,897,947,700,760,618,960,1491,483,664,593,646,370,976,661,1045,608,776,563,990,1127,398,0,627,1022,770,768,835,393,583,1165,830,854,829,826,416,820,1337,881,986,869,716,989,418,685,666
916,975,1062,726,335,925,993,711,947,838,831,440,641,558,569,906,929,1190,915,796,744,550,560,839,755,802,589,820,795,814,626,752,905,546,715,644,970,610,793,837,451,1002,923,591,755,696,515,1077,653,887,714,479,739,723,478,767,865,898,412,683,730,985,539,838,734,452,957,504,550,577,723,1063,547,601,615,779,752,1031,703,754,448,788,408,965,773,465,703,1032,957,708,671,622,1177,504,764,665,766,873,619,688,1292,802,888,290,801,791,979,588,762,562,790,816,562,776,890,867,751,665,864,752,954,747,886,501,1058,594,588,0,743,628,796,1041,1236,590,621,1094,296,825,792,1211,575,624,604,469,441,743,937,592,810,418
1054,795,522,897,799,885,666,725,733,578,643,677,874,527,423,1028,567,724,793,646,426,910,645,711,513,748,713,812,961,862,814,706,684,874,729,623,518,616,832,924,649,619,593,651,1384,928,668,808,905,598,700,561,959,609,923,491,389,872,918,647,783,828,848,826,666,824,608,211,916,857,681,736,457,587,702,869,519,411,743,646,658,555,728,762,756,1039,512,627,506,731,783,830,901,461,611,681,1098,749,921,733,815,625,620,866,541,943,488,479,683,782,573,367,820,496,1060,775,633,961,551,568,904,704,1051,668,801,679,375,634,0,1040,1016,809,666,930,772,581,780,1128,618,888,691,984,836,716,612,1069,1180,926,737,464
784,581,507,674,844,897,1143,1191,569,862,958,993,647,689,1039,861,856,1243,545,633,639,890,715,1060,537,564,975,862,991,868,594,822,383,964,928,799,797,658,717,1244,331,658,961,959,1005,1051,869,862,530,1035,501,1014,621,623,904,582,622,463,913,633,724,695,1239,980,729,642,554,600,550,967,706,889,832,632,766,652,513,785,973,915,833,837,897,777,802,810,669,514,847,1091,547,466,1059,668,768,647,673,1116,581,557,907,567,691,388,724,796,902,424,703,837,630,934,903,843,940,1001,621,437,734,1348,788,883,513,787,870,884,639,495,896,0,826,939,614,700,394,787,840,310,831,987,783,718,784,915,1003,692,889,898,563,395
986,610,907,670,372,1246,764,855,998,929,1079,916,704,544,673,988,1018,971,667,724,342,739,582,1184,1107,845,740,250,373,569,884,443,1014,1129,871,828,668,667,793,661,597,738,610,950,500,1012,907,553,881,1048,732,714,744,224,671,383,807,1133,959,433,760,834,740,529,667,1284,624,991,941,306,762,672,810,829,469,644,632,624,537,1028,514,1089,718,845,498,1052,762,894,767,617,590,795,588,1032,584,511,810,976,598,826,1230,1011,661,309,1045,1025,634,974,1037,565,1009,797,442,822,744,791,724,466,668,884,658,670,637,850,630,759,1171,1178,840,720,0,837,915,990,800,694,614,546,867,400,631,567,757,665,1040,1053,912,568,752,799
826,921,743,634,614,787,619,490,691,826,491,657,801,911,743,716,964,863,640,975,1036,857,774,714,858,886,495,725,783,805,744,413,679,439,630,896,979,728,516,715,469,837,877,549,1011,171,1051,912,627,715,806,434,714,812,700,977,643,519,324,445,1169,923,925,850,1082,1187,1260,525,644,974,587,722,886,742,821,828,754,668,902,477,546,468,785,671,522,1008,504,860,568,971,1076,604,531,826,896,831,813,1095,1085,645,809,846,1027,951,781,832,700,679,801,1182,1277,768,865,672,1152,768,507,521,438,703,866,1181,575,944,362,862,588,1127,866,768,666,0,630,995,862,657,352,605,819,511,435,462,791,809,638,924,589,689,894,820
940,450,706,853,794,772,868,596,616,662,863,522,680,546,924,977,471,494,497,860,553,838,751,703,768,628,778,671,785,822,592,811,633,612,343,601,704,463,750,733,441,858,294,524,761,719,708,489,958,982,732,903,1051,660,428,797,875,440,682,844,562,1140,727,1030,655,1003,785,993,622,601,816,742,582,720,783,1127,927,629,562,1079,676,460,1061,416,802,342,741,686,699,420,373,658,1003,860,624,772,607,272,809,649,841,895,845,880,930,769,713,1000,873,901,698,642,611,668,766,754,964,676,695,554,681,435,783,543,698,716,494,891,746,656,694,575,0,850,784,476,539,296,840,482,556,667,735,774,707,831,637,762,503,901
672,722,541,670,1030,690,915,355,846,646,268,225,782,1022,663,926,391,595,693,622,906,668,964,647,614,343,477,635,778,668,844,881,790,1210,914,686,980,933,940,911,911,661,690,585,754,1030,1306,997,810,1109,425,595,805,851,550,565,930,868,723,714,987,572,919,916,804,629,862,1047,525,840,866,542,528,956,602,359,623,940,434,702,527,1075,670,708,757,761,662,746,587,593,412,426,964,617,890,663,938,772,624,578,773,554,800,872,643,823,836,526,807,808,572,599,722,887,744,845,577,595,828,922,695,705,890,743,1112,962,820,539,670,839,510,805,500,0,680,655,543,912,882,611,460,775,611,801,968,634,588,927,635,570
1185,695,734,609,969,753,855,608,776,622,699,806,743,566,467,569,766,1087,993,919,880,729,308,1112,796,778,506,1022,606,921,1008,407,736,421,852,771,496,1081,470,436,908,534,605,887,800,774,823,832,855,790,678,835,872,926,675,933,896,712,701,818,367,869,868,682,690,965,763,718,508,450,578,649,406,407,563,638,842,535,453,471,553,649,872,1262,822,689,884,722,896,914,986,577,1069,888,736,936,666,735,836,872,708,387,847,808,720,747,542,782,733,676,868,631,816,954,694,303,804,949,1056,790,992,849,821,329,1010,670,1019,1152,693,511,720,830,552,616,0,1178,572,659,641,910,792,658,680,888,627,477,822,476,728,203
482,757,699,1029,845,990,992,956,620,625,891,567,763,877,498,527,784,466,487,858,838,614,857,869,578,583,627,993,628,262,853,542,807,913,854,601,774,672,1188,798,868,508,775,465,789,828,869,594,840,741,928,955,1264,823,681,1146,662,575,592,564,784,1154,817,804,713,700,495,745,628,735,648,1073,915,603,874,661,151,680,741,686,1088,773,610,961,751,359,737,973,750,690,701,712,419,738,735,703,714,678,1067,451,917,647,550,1064,848,591,587,962,1021,743,755,674,1062,823,552,885,958,456,624,772,698,755,596,903,674,757,659,858,737,527,1155,817,842,820,795,0,904,724,821,1185,642,355,1012,720,846,530,838,875,549,856
1171,930,497,677,1044,586,757,561,788,265,654,986,578,742,1067,761,960,827,606,837,828,277,1048,971,1073,680,743,997,948,735,467,506,560,441,534,548,531,643,601,654,936,956,710,507,733,1050,616,877,1001,806,866,456,852,494,956,684,828,655,934,346,615,465,582,738,955,587,1043,1193,1168,612,515,431,988,1031,753,906,1066,942,288,294,861,1030,905,693,680,932,698,585,879,1073,840,971,936,787,529,585,749,975,561,649,489,595,784,867,780,859,913,783,413,588,1023,258,661,289,500,633,375,596,800,1118,650,557,655,858,371,532,924,734,790,916,854,774,822,866,604,529,0,488,705,507,725,849,829,809,1028,568,1039,631,604,877
804,504,356,1115,1248,893,749,792,707,806,1290,841,614,757,982,803,926,618,875,809,896,768,817,707,634,1012,729,895,720,992,497,660,640,633,811,713,565,1316,699,526,614,537,747,965,732,575,1042,827,490,894,714,898,722,837,270,918,677,555,873,898,727,1036,466,451,1026,304,571,715,801,872,467,486,704,900,760,919,1054,873,869,530,682,664,773,582,694,1094,583,531,812,845,638,781,566,1077,651,675,820,1042,571,856,313,592,393,813,727,488,933,582,689,1225,860,365,570,590,453,532,601,592,433,875,834,639,764,792,742,1105,559,359,614,887,627,954,316,427,433,1058,781,0,517,879,704,1212,1005,845,464,747,943,875,817,833
706,1076,1093,899,1004,720,1025,697,777,336,766,706,863,868,555,575,746,1004,1270,977,504,865,756,854,1025,544,874,585,752,1129,1084,610,442,789,924,642,753,704,623,991,785,903,610,496,774,938,737,545,769,717,744,707,376,838,782,662,1036,660,1023,733,750,1044,985,767,592,578,683,1012,1269,502,331,702,733,778,688,905,1021,936,1112,757,774,598,654,965,523,523,559,721,669,512,563,716,705,996,513,526,786,408,415,579,722,933,600,884,855,887,899,924,1188,884,538,556,1089,746,698,791,1089,1060,932,579,577,1043,758,929,692,852,578,856,407,920,604,616,664,755,871,527,623,1057,0,963,721,435,686,878,306,920,434,836,740,624
720,764,743,776,645,609,487,803,688,784,842,728,876,527,731,1129,982,580,873,894,1009,452,958,904,927,879,384,781,612,1035,613,889,528,784,1134,1009,367,918,678,1071,833,638,875,786,904,999,550,431,1030,631,396,860,781,917,821,725,778,693,813,702,546,707,771,378,314,345,696,736,527,614,557,1356,945,774,706,716,649,347,310,846,617,653,802,667,723,297,730,745,953,708,763,840,1224,667,638,893,769,769,669,753,549,760,1382,987,437,965,1051,858,504,794,405,900,815,970,643,740,644,706,649,887,784,895,1146,781,663,678,712,1015,679,634,979,844,532,705,765,701,875,946,767,0,806,807,546,795,881,486,403,788,1063,520
750,1187,329,793,1027,588,825,719,1110,878,749,896,873,424,835,831,765,736,1101,928,710,580,771,844,753,598,1134,562,801,904,657,765,515,729,1060,576,992,698,676,720,839,474,578,866,612,562,606,749,738,870,910,955,963,868,441,1019,567,553,708,760,642,591,965,771,761,810,773,701,1026,775,457,977,773,873,839,922,338,539,901,868,913,762,898,778,603,771,487,749,836,795,861,726,987,604,709,684,690,936,912,873,460,1055,787,741,1043,619,746,853,373,810,718,761,1004,681,458,676,626,753,766,774,536,636,181,472,906,711,867,826,880,923,1104,686,744,906,749,816,662,934,772,1058,0,620,1024,331,710,445,663,828,987,510
795,887,899,991,799,960,718,857,504,818,886,777,326,476,892,485,975,922,822,598,783,744,1032,544,854,847,815,787,786,984,911,678,851,701,781,469,675,959,870,688,738,323,1077,983,596,602,587,878,890,561,616,1008,589,770,1071,734,564,512,881,498,884,629,687,892,1165,907,1304,621,566,672,869,956,799,700,590,613,841,495,652,879,1005,739,845,719,673,419,736,448,329,1160,1051,1071,697,730,547,631,655,641,505,847,828,701,793,740,713,770,962,957,737,891,646,1023,909,917,870,643,916,623,796,729,612,718,760,616,534,682,798,531,645,662,834,991,863,1048,875,568,774,827,650,982,743,0,554,1033,677,898,785,378,752,633
1011,913,814,1126,1109,1196,740,686,650,936,949,495,783,906,787,1054,710,614,1069,327,807,1235,744,710,705,942,788,984,410,857,796,672,666,674,764,656,1059,761,920,855,963,1225,817,903,789,972,808,591,527,1237,739,697,738,886,640,621,603,902,471,1071,735,1033,866,330,800,846,580,929,710,823,735,770,541,897,1406,675,575,303,733,699,798,713,784,1184,929,579,863,304,698,965,1006,923,754,590,741,414,592,603,812,988,723,920,591,949,830,521,1043,511,728,751,418,772,569,666,982,838,441,868,755,531,870,299,1091,762,595,669,557,621,658,885,652,759,721,910,624,805,890,739,873,655,857,732,0,778,1202,887,858,577,485,783
754,585,249,471,731,587,609,830,929,706,721,691,614,244,348,332,531,759,701,915,825,563,742,731,710,754,656,1138,551,975,774,841,675,954,543,861,1281,615,960,454,567,515,826,698,673,807,844,726,723,1004,446,1122,518,605,686,692,897,723,830,959,612,591,1141,682,1111,564,706,1013,467,906,692,703,882,627,1060,1083,735,859,963,768,594,812,746,665,742,1018,781,846,866,1143,856,735,613,931,832,981,853,689,744,880,476,753,629,818,1055,807,890,825,497,900,898,1085,1023,504,704,459,780,419,588,755,1051,898,364,572,788,812,1050,773,630,347,939,647,1076,1237,1130,670,641,1098,974,594,831,769,453,0,1253,822,410,617,740,750
669,731,831,559,1022,1066,496,725,673,883,852,527,1069,700,1147,634,921,779,967,742,678,955,731,795,942,456,947,543,623,893,690,901,1006,583,984,766,573,945,944,705,813,841,728,795,839,450,646,1016,772,888,904,558,840,946,934,634,664,258,528,855,878,874,1044,939,793,994,807,539,812,765,783,1301,640,817,454,716,867,786,511,693,273,736,112,755,1017,867,408,603,893,1010,547,688,592,867,673,972,478,678,626,991,1034,901,741,778,658,1469,1066,723,867,250,922,1002,695,675,505,877,730,999,915,605,612,596,757,815,685,843,380,920,639,765,325,1009,606,569,757,862,934,1199,610,715,417,871,664,773,0,424,399,723,591,1048
925,484,1284,681,1091,915,1031,1452,792,769,1165,344,708,885,1005,527,806,795,937,537,722,804,915,542,391,838,639,1025,850,720,816,534,576,1109,1163,562,932,659,482,829,618,901,673,766,536,597,529,545,650,799,354,644,788,514,1198,727,953,791,715,936,1135,778,881,854,1029,1017,933,713,1002,997,538,802,859,575,457,794,716,854,834,454,1371,779,688,849,800,786,612,706,649,624,413,1021,742,1268,638,665,784,763,639,1094,756,729,369,654,443,358,697,794,651,739,980,338,890,382,375,517,798,784,840,779,768,713,1031,987,703,707,687,613,636,891,778,682,714,1063,569,201,774,995,917,958,566,689,935,923,809,0,998,772,876,966
839,516,701,641,596,801,832,1202,556,1013,327,593,588,852,402,597,811,856,446,961,379,676,762,782,648,734,613,490,626,558,921,761,1093,640,347,450,589,464,597,614,819,804,765,952,875,878,645,620,393,591,179,999,902,855,1093,750,900,588,1110,814,714,691,623,385,748,1213,784,627,1002,766,864,705,768,949,833,589,791,424,1015,642,1100,1208,732,875,653,619,1007,828,631,844,1001,838,492,738,669,664,466,667,265,519,897,784,856,766,1208,866,452,688,882,568,540,840,807,798,648,824,688,492,1314,588,954,848,629,463,767,723,783,722,560,1043,1103,520,765,699,938,784,868,734,612,396,995,738,628,1136,1247,1084,0,442,477,870
749,387,1062,498,908,510,752,779,694,1024,420,633,924,733,802,1040,534,1112,717,658,1121,1046,698,787,1047,913,584,695,548,882,1103,610,988,763,592,408,667,1103,296,796,969,643,1041,1160,587,618,781,611,460,407,505,834,1058,396,850,581,805,770,902,717,599,837,584,934,831,933,933,1023,814,479,725,451,637,959,917,736,857,618,619,898,675,655,474,980,825,787,916,689,834,685,740,861,732,695,1325,972,630,599,650,891,882,832,904,447,761,683,573,426,1005,852,908,768,901,795,1130,438,463,762,289,975,1066,860,753,666,754,758,539,735,642,564,979,401,629,637,565,848,393,535,472,559,229,806,818,762,787,760,511,0,653,396
825,836,1128,937,1000,874,811,1004,643,279,632,805,971,548,527,680,720,738,184,801,545,742,848,459,895,839,778,653,865,491,707,509,870,558,866,769,1050,611,798,1157,886,676,520,592,1119,588,800,730,903,1061,748,624,740,790,775,436,724,550,526,1054,998,367,805,532,591,758,1003,969,778,478,638,890,774,863,1125,981,811,628,638,728,923,895,601,745,579,754,619,659,705,946,839,1146,743,725,833,1035,314,881,507,676,858,1181,985,255,832,422,853,339,1036,449,488,635,1123,700,594,956,541,1059,845,411,509,1037,469,829,1144,600,493,1239,816,1027,896,650,595,844,645,697,578,927,757,591,922,795,752,692,749,806,470,761,0,630
635,521,577,281,477,909,632,676,958,545,770,703,740,949,1196,847,753,948,755,895,876,964,903,587,666,906,630,735,986,754,553,669,526,740,685,676,677,735,431,690,664,1014,834,544,956,813,799,646,780,421,609,497,389,597,974,991,812,591,927,626,1003,640,711,987,581,849,818,635,822,512,581,954,783,1012,750,921,717,179,752,717,730,823,259,755,511,887,704,739,872,768,222,933,493,971,729,592,786,821,527,1217,859,898,686,710,565,931,516,867,901,531,727,840,692,970,550,1105,1049,841,757,647,532,594,668,551,563,693,754,1127,808,576,847,623,653,792,727,653,718,945,345,921,848,718,828,534,630,484,809,585,566,0
